Name,HP,Attack,Defense,Sp.Atk,Sp.Def,Speed,Move1,Move2,Move3,Move4,Move5,Move6,Move7,Move8,Move9,Move10,Move11,Move12,Move13,Move14,Move15,Move16,Move17,Move18,Move19,Move20,Move 21,Move 22,Move 23,Move 24,Move 25,Move 26,Move 27,Move 28,Move 29,Move 30,Type 1,Type 2
Bulbasaur,200,92,92,121,121,85,Growl,Tackle,Vine Whip,Growth,Leech Seed,Razor Leaf,Poison Powder,Sleep Powder,Seed Bomb,Take Down,Sweet Scent,Synthesis,Worry Seed,Power Whip,Solar Beam,,,,,,,,,,,,,,,,Grass,Poison
Ivysaur,230,116,117,148,148,112,Growl,Growth,Tackle,Vine Whip,Leech Seed,Razor Leaf,Poison Powder,Sleep Powder,Seed Bomb,Take Down,Sweet Scent,Synthesis,Worry Seed,Power Whip,Solar Beam,,,,,,,,,,,,,,,,Grass,Poison
Venusaur,270,152,153,184,184,148,Growl,Growth,Petal Dance,Tackle,Vine Whip,Leech Seed,Razor Leaf,Poison Powder,Sleep Powder,Seed Bomb,Take Down,Sweet Scent,Synthesis,Worry Seed,Power Whip,Solar Beam,,,,,,,,,,,,,,,Grass,Poison
Charmander,188,98,81,112,94,121,Growl,Scrath,Ember,Smokescreen,Dragon Breath,Fire Fang,Slash,Flamethrower,Scary Face,Fire Spin,Inferno,Flare Blitz,,,,,,,,,,,,,,,,,,,Fire,
Charmeleon,226,119,108,148,121,148,Ember,Growl,Scratch,Smokescreen,Dragon Breath,Fire Fang,Slash,Flamethrower,Scary Face,Inferno,Flare Blitz,,,,,,,,,,,,,,,,,,,,Fire,
Charizard,226,155,144,200,157,184,Dragon Claw,Ember,Growl,Heat Wave,Scratch,Smokescreen,Dragon Breath,Fire Fang,Slash,Flamethrower,Scary Face,Fire Spin,Inferno,Flare Blitz,Air Slash,,,,,,,,,,,,,,,,Fire,Flying
Squirtle,198,90,121,94,119,81,Tackle,Tail Whip,Water Gun,Withdraw,Rapid Spin,Bite,Water Pulse,Protect,Rain Dance,Aqua Tail,Shell Smash,Iron Defense,Hydro Pump,Wave Crash,,,,,,,,,,,,,,,,,Water,
Wartortle,228,117,148,121,148,108,Tackle,Tail Whip,Water Gun,Withdraw,Rapid Spin,Bite,Water Pulse,Protect,Rain Dance,Aqua Tail,Shell Smash,Iron Defense,Hydro Pump,Wave Crash,,,,,,,,,,,,,,,,,Water,
Blastoise,268,153,184,157,193,144,Tackle,Tail Whip,Water Gun,Withdraw,Rapid Spin,Bite,Water Pulse,Protect,Rain Dance,Aqua Tail,Shell Smash,Iron Defense,Hydro Pump,Wave Crash,Flash Cannon,,,,,,,,,,,,,,,,Water,
Caterpie,200,58,67,40,40,85,String Shot,Tackle,Bug Bite,Bullet Seed,Bite,,,,,,,,,,,,,,,,,,,,,,,,,,Bug,
Metapod,210,40,103,49,49,58,Harden,String Shot,Tackle,Bug Bite,Bullet Seed,Bite,,,,,,,,,,,,,,,,,,,,,,,,,Bug,
Butterfree,230,85,94,166,148,130,Bug Bite,Gust,Harden,String Shot,Tackle,Supersonic,Confusion,Poison Powder,Sleep Powder,Stun Spore,Psybeam,Whirlwind,AirSlash,Safeguard,Bug Buzz,Tailwind,Rage Powder,Quiver Dance,,,,,,,,,,,,,Bug,Flying
Weedle,190,67,58,40,40,94,Poison Sting,String Shot,Bug Bite,Bite,Tackle,,,,,,,,,,,,,,,,,,,,,,,,,,Bug,Poison
Kakuna,200,49,94,49,49,67,Harden,String Shot,Tackle,Bug Bite,Bite,,,,,,,,,,,,,,,,,,,,,,,,,,Bug,Poison
Beedrill,240,166,76,85,148,139,Bug Bite,Fury Attack,Harden,Poison Sting,String shot,Fury Cutter,Laser Focus,Venoshock,Assurance,Toxic Spikes,Pin Missle,Poison Jab,Agility,Endeavor,Fell Stinger,,,,,,,,,,,,,,,,Bug,Poison
Pidgey,190,85,76,67,67,105,Tackle,Sand Attack,Gust,Quick Attack,Whirlwind,Twister,Feather Dance,Agility,Wing Attack,Roost,Tailwind,Aerial Ace,Air Slash,Hurricane,,,,,,,,,,,,,,,,,Normal,Flying
Pidgeotto,236,112,103,94,94,132,Gust,Sand Attack,Tackle,Quick Attack,Whirlwind,Twister,Feather Dance,Agility,Wing Attack,Roost,Tailwind,Aerial Ace,Air Slash,Hurricane,Air Cutter,Air Slash,Brave Bird,Uproar,,,,,,,,,,,,,Normal,Flying
Pidgeot,276,148,139,130,130,186,Gust,Hurricane,Quick Attack,Sand Attack,Tackle,Whirlwind,Twister,Feather Dance,Agility,Wing Attck,Roost,Tailwind,Aerial Ace,Air Slash,Brave Bird,Uproar,Air Cutter,,,,,,,,,,,,,,Normal,Flying
Rattata,170,105,67,49,67,134,Tackle,Tail Whip,Quick Attack,Focus Energy,Bite,Laser Focus,Take Down,Assurance,Crunch,Sucker Punch,Super Fang,Double Edge,Endeavor,,,,,,,,,,,,,,,,,,Normal,
Raticate,220,150,112,94,130,179,Focus Energy,Quick Attack,Scary Face,Swords Dance,Tackle,Tail Whip,Focus Energy,Bite,Laser Focus,Take Down,Assurance,Crunch,Sucker Punch,Super Fang,Double Edge,Endeavor,,,,,,,,,,,,,,,Normal,
Spearow,190,112,58,60,60,130,Growl,Peck,Leer,Assurance,Fury Attack,Aerial Ace,Wing Attack,Take Down,Agility,Focus Energy,Roost,Drill Peck,,,,,,,,,,,,,,,,,,,Normal,Flying
Fearow,240,166,121,114,114,184,Drill Run,Growl,Leer,Peck,Pluck,Assurance,Fury Attack,Aerial Ace,Wing Attack,Take Down,Agility,Focus Energy,Roost,Drill Peck,,,,,,,,,,,,,,,,,Normal,Flying
Ekans,180,112,83,76,101,103,Leer,Wrap,Poison Sting,Bite,Glare,Screech,Acid,Spit Up,Stockpile,Swallow,Acid Spray,Sludge Bomb,Gastro Acid,Belch,Haze,Coil,Gunk Shot,,,,,,,,,,,,,,Poison,
Arbok,230,175,128,121,146,148,Bite,Fire Fang,Ice Fang,Leer,Poison Sting,Thunder Fang,Wrap,Glare,Screech,Acid,Spit Up,Stockpile,Swallow,Acid Spray,SludgeBomb,Gastro Acid,Belch,Haze,Coil,Gunk Shot,Crunch,,,,,,,,,,Poison,
Pikachu,180,103,76,94,94,166,Charm,Growl,Nasty Plot,Nuzzle,Play Nice,Quick Attack,Sweet Kiss,Tail Whip,Thunder Shock,Thunder Wave,Double Team,Electro Ball,Feint,Spark,Agility,Iron Tail,Discharge,Thunderbolt,Light Screen,Thunder,,,,,,,,,,,Electric,
Raichu,230,166,103,166,148,202,Agility,Charm,Discharge,Double Team,Electro Ball,Feint,Growl,Iron Tail,Light Screen,Nasty Plot,Nuzzle,Play Nice,Quick Attack,Spark,Sweet Kiss,Tail Whip,Thunder,Thunder Shock,Thunder Wave,Thunderbolt,Thunder Punch,,,,,,,,,,Electric,
Sandshrew,210,139,157,4,58,76,Defense Curl,Scratch,Poison Sting,Sand Attack,Rollout,Fury Cutter,Rapid Spin,Bulldoze,Swift,Fury Swipes,Agility,Slash,Dig,Gyro Ball,Swords Dance,Sandstorm,Earthquake,,,,,,,,,,,,,,Ground,
Sandslash,260,184,202,85,103,121,Crush Claw,Defense Curl,Poison Sting,Sand Attack,Rollout,Fury Cutter,Rapid Spin,Bulldoze,Swift,Fury Swipes,Rapid Spin,Bulldoze,Swift,Fury Swipes,Sand Tomb,Slash,Dig,Gyro Ball,Swords Dance,Sandstorm,Earthquake,,,,,,,,,,Ground,
Nidoran♀,220,89,98,76,76,78,Growl,Poison Sting,Scratch,Tail Whip,Fury Swipes,Toxic Spikes,Double Kick,Bite,Helping Hand,Toxic Spikes,Flatter,Crunch,Earth Power,,,,,,,,,,,,,,,,,,Poison,
Nidorina,250,116,125,103,103,105,Growl,Poison Sting,Scratch,Tail Whip,Fury Swipes,Toxic Spikes,Double Kick,Bite,Helping Hand,Toxic Spikes,Flatter,Crunch,Earth Power,,,,,,,,,,,,,,,,,,Poison,
Nidoqueen,290,170,161,139,157,141,Bite,Crunch,Double Kick,Earth Power,Flatter,Fury Swipes,Growl,Helping Hand,Poison Sting,Scratch,Sludge Wave,Superpower,Tail Whip,Toxic,Toxic Spikes,,,,,,,,,,,,,,,,Poison,Ground
Nidoran♂,202,107,76,76,76,94,Leer,Poison Sting,Peck,Focu Energy,Fury Attack,Toxic Spikes,Double Kick,Horn Attack,Helping Hand,Toxic,Flatter,Posion Jab,Earth Power,,,,,,,,,,,,,,,,,,Poison,
Nidorino,232,134,107,103,103,121,Focus Energy ,Leer,Peck,Poison Sting,Fury Attack,Toxic Spikes,Double Kick,Horn Attack,Helping Hand,Toxic,Flatter,Poison Jab,Earth Power,,,,,,,,,,,,,,,,,,Poison,
Nidoking,272,188,143,157,139,157,Double Kick,Earth Power,Flatter,Focus Energy,Fury Attack,Helping Hand,Horn Attack,Leer,Megahorn,Peck,Poison Jab,Poison Sting,Sludge Wave,Toxic,Toxic Spike,,,,,,,,,,,,,,,,Poison,Ground
Clefairy,250,85,90,112,1211,67,Charm,Copycat,Defense Curl,Disarming Voice,Growl,Pound,Sing,Splash,Sweet Kiss,Stored Power,Encore,After You,Life Dew,Metronome,Moonlight,Gravity,Meteor Mash,Follow Me,Cosmic Power,Mooblast,Healing Wish,,,,,,,,,,Fairy,
Clefable,300,130,135,175,166,112,Life Dew ,Meteor Mash,Metronome,Moonblast,After You,Charm,Copycat,Cosmic Power,Defense Curl,Disarming Voice,Encore,Follow Me,Gravity,Growl,Healing Wish,Moonlight,Pound,Sing,Splash,Stored Power,Sweet Kiss,,,,,,,,,,Fairy,
Vulpix,186,78,76,94,121,121,Ember,Tail Whip,Disable,Quick Attack,Spite,Incinerate,Confuse Ray,Will O Wisp,Extrasensory,Flamethrower,Imprison,FireSpin,Safeguard,Inferno,FireBlast,,,,,,,,,,,,,,,,Fire,
Ninetales,256,141,139,150,184,184,Flamethrower,Quick Attack,Tail Whip,Confuse Fay,Disable,Ember,Extrasensory,Fire Blast,Fire Spin,Imprison,Incinerate,Inferno,Nasty Plot,Safeguard,Spite,Will O Wisp,,,,,,,,,,,,,,,Fire,
Jigglypuff,340,85,40,85,49,40,Charm ,Copycat,Defense Curl,Disable,Disarming Voice,Pound,Sing,Sweet Kiss,Echoed Voice,Covet,Spit Up,Stockpile,Swallow,Round,Rest,Body Slam,Mimic,Gyro Ball,Hyper Voice,Double Edge,,,,,,,,,,,Normal,Fairy
Wigglytuff,390,130,85,157,94,85,Body Slam,Charm,Copycat,Covet,Defense Curl,Disable,Disarming Voice,Double Edge,Echoed Voice,Gyro Ball,Hyper Voice,Mimic,Pound,Rest,Round,Sing,Spit Up,Stockpile,Swallow,Sweet Kiss,Play Rough,,,,,,,,,,Normal,Fairy
Zubat,190,85,67,58,76,103,Absorb,Supersonic,Astonish,Mean Look,Poison Fang,Quick Guard,Air Cutter,Bite,Haze,Venoshock,Confuse Ray,Air Slash,Leech Life,,,,,,,,,,,,,,,,,,Poison,Flying
Golbat,260,148,130,121,139,166,Absorb,Astonish,Mean Look,Screech,Supersonic,Poison Fang,Quick Guard,Air Cutter,Bite,Haze,Venoshock,Confuse Ray,Air Slash,Leech Life,,,,,,,,,,,,,,,,,Poison,Flying
Oddish,200,94,103,139,121,58,Absorb,Growth,Acid,Sweet Scent,Mega Drain,Poison Powder,Stun Spore,Sleep Powder,Giga Drain,Toxic Moonblast,Grassy terrain,Moonlight,Petal Dance,,,,,,,,,,,,,,,,,,Grass,Poison
Gloom,230,121,130,157,139,76,Absorb,Acid,Growth,Sweet Scent,Mega Drain,Poison Powder,Stun Spore,Sleep Powder,Giga Drain,Toxic,Moonblast,Grassy Terrain,Moonlight,Petal Dance,,,,,,,,,,,,,,,,,Grass,Poison
Vileplume,260,148,157,202,166,94,Absorb,Acid,Giga Drain,Grassy Terrain,Growth,Mega Drain,Moonblast,Moonlight,Petal Dance,Poison Powder,Sleep Powder,Stun Spore,Sweet Scent,Toxic,Petal Blizzard,,,,,,,,,,,,,,,,Grass,Poison
Paras,180,130,103,85,103,49,Scratch,Poison Powder,Stun Spore,Absorb,Fury Cutter,Spore,Slash,Growth,Giga Drain,Aromatherapy,Rage Powder,X Scissor,,,,,,,,,,,,,,,,,,,Bug,Grass
Parasect,230,175,148,112,148,58,Absorb,Cross Poison,Poison Powder,Scratch,Stun Spore,Poison Powder,Stun Spore,Absorb,Fury Cutter,Spore,Slash,Growth,Giga Drain,Aromatherapy,Rage Powder,X Scissor,,,,,,,,,,,,,,,Bug,Grass
Venonat,230,103,94,76,1103,85,Disable,Tackle,Supersonic,Confusion,Poison Powder,Psymean,Stun Spore,Bug Buzz,Sleep Powder,Leech Life,Zen Headbutt,Poison Fang,Psychic,,,,,,,,,,,,,,,,,,Bug,Poison
Venomoth,250,121,112,166,139,166,Disable,Quiver Dance,Supersonic,Tackle,Confusion,Poison Powder,Psybeam,Stun Spore,Bug Buzz,Sleep Powder,Leech Life,Zen Headbutt,Poison Fang,Psychic,Air Slash,,,,,,,,,,,,,,,,Bug,Poison
Diglett,130,103,49,67,85,175,Sand Attack,Scratch,Growl,Astonish,Mud Slap,Bulldoze,Sucker Punch,Slash,Sandstorm,Dig,Earth Power,Earthquak,Fissure,,,,,,,,,,,,,,,,,,Ground,
Dugtrio,180,184,94,94,130,220,Astonish,Growl,Night Slash,Sand Attack,Tri Attack,Mud Slap,Bulldoze,Sucker Punch,Slash,Sandstorm,Dig,Earth Power,Earthquake,Fissure,Sand Tomb,,,,,,,,,,,,,,,,Ground,
Meowth,190,85,67,76,76,166,Fake Out,Growl,Feint,Scratch,Pay Day,Bite,Taunt,Assurance,Fury Swipes,Screech,Slash,Nasty Plot,Play Rough,,,,,,,,,,,,,,,,,,Normal,
Persian,240,130,112,121,121,211,Fake Out,Feint,Growl,Scratch,Switcheroo,Pay Day,Bite,Taunt,Assurance,Fury Swipes,Screech,Slash,Nasty Plot,Play Rough,Power Gem,,,,,,,,,,,,,,,,Normal,
Psyduck,210,98,90,121,94,103,Scratch,Tail Whip,Water Gun,Confusion,Fury Swipes,Water Pulse,Disable,Zen Headbutt,Screech,Aqua Tail,Soak,Psych Up,Amnesia,Wonder Room,,,,,,,,,,,,,,,,,Water,
Golduck,270,152,144,175,148,157,Aqua Jet,Confusion,Scratch,Tail Whip,Water Gun,Fury Swipes,Water Pulse,Disable,Zen Headbutt,Screech,Aqua Tail,Soak,Psych Up,Amnesia,Hydro Pump,Wonder Room,,,,,,,,,,,,,,,Water,
Mankey,190,148,67,67,85,130,Covet,Focus Energy,Leer,Scratch,Fury Swipes,Low Kick,Seismic Toss,Swagger,Cross Chop,Assurance,Thrash,Close Combat,Screech,Stomping Tantrum,Outrage,Final Gambit,,,,,,,,,,,,,,,Fighting,
Primeape,240,193,112,112,130,175,Fling,Focus Energy,Leer,Scratch,Fury Swipes,Low Kick,Seismic Toss,Swagger,Cross Chop,Assurance,Thrash,Rage Fist,Close Combat,Screech,Stomping Tantrum,Outrage,Final Gambit,,,,,,,,,,,,,,Fighting,
Growlithe,220,130,85,130,94,112,Ember,Leer,Howl,Bite,Flame Wheel,Helping Hand,Agility,Fire Fang,Retaliate,Crunch,Take Down,Flamethrower,Roar,Play Rough,Reversal,Flare Blitz,,,,,,,,,,,,,,,Fire,
Arcanine,290,202,148,184,148,175,Agility,Bite,Crunch,Ember,Fire Fang,Flame Wheel,Flare Blitz,Helping Hand,Howl,Leer,Play Rough,Retaliate,Reversal,Roar,Take Down,Flamethrower,Extreme Speed,,,,,,,,,,,,,,Fire,
Poliwag,190,94,76,76,76,166,Hypnosis,Water Gun,Pound ,Mud Shot,Bubble Beam,Rain Dance,Body Slam,Earth Power,Hydro Pump,Belly Drum,Double Edge,,,,,,,,,,,,,,,,,,,,Water,
Poliwhirl,240,121,121,94,94,166,Hypnosis,Mud Shot,Pound,Water Gun,Bubble Beam,Rain Dance,Body Slam,Earth Power,Hydro Pump,Belly Drum,Double Edge,,,,,,,,,,,,,,,,,,,,Water,
Poliwrath,290,175,175,130,166,130,Body Slam,Bubble Mean,Hypnosis,Dynamic Punch,Belly Drum,Circle Throw,Double Edge,Earth Power,Hydro Pump,Mud Shot,Pound,Rain Dance,Water Gun,,,,,,,,,,,,,,,,,,Water,Fighting
Abra,160,40,31,193,103,166,Teleport,Focus Punch,Dazzling Gleam,Shock Wave,Drain Punch,,,,,,,,,,,,,,,,,,,,,,,,,,Psychic,
Kadabra,190,67,58,220,130,193,Confusion,Disable,Kinesis,Teleport,Psybeam,Reflect,Ally Switch,Psycho Cut,Recover,,,,,,,,,,,,,,,,,,,,,,Psychic,
Alakazam,220,94,85,247,175,220,Confusion,Disable,Kinesis,Teleport,Psybeam,Reflect,Ally Switch,Psycho Cut,Recover,Psyshock,Psychic,Role Play,Future Sight,Calm Mind,,,,,,,,,,,,,,,,,Psychic,
Machop,250,148,94,67,67,67,Leer,Low Kick,Focus Energy,Revenge,Low Sweep,Knock Off,Scary Face,Vital Throw,Strength,Dual Chop,Bulk Up,Seismic Toss,Dynamic Punch,Cross Chop,Double Edge,,,,,,,,,,,,,,,,Fighting,
Machoke,270,184,130,94,112,85,Focus Energy,Leer,Low Kick,Revenge,Low Sweep,Knock Off,Scary Face,Vital Throw,Strength,Dual Chop,Bulk Up,Seismic Toss,Dynamic Punch,Cross Chop,Double Edge,,,,,,,,,,,,,,,,Fighting,
Machamp,290,238,148,121,157,103,Focus Energy,Leer,Low Kick,Revenge,Wide Guard,Low Sweep,Knock Off,Scary Face,Vital Throw,Strength,Dual Chop,Bulk Up,Seiemic Toss,Dynamic Punch,Cross Chop,Double Edge,,,,,,,,,,,,,,,Fighting,
Bellsprout,210,139,67,130,58,76,Vine Whip,Growth,Wrap,Sleep Powder,Poison Powder,Stun Spore,Acid,Knock Off,Sweet Scent,Gastro Acid,Razor Leaf,Poison Jab,Slam,Power Whip,,,,,,,,,,,,,,,,,Grass,Poison
Weepinbell,240,166,94,157,85,103,Growth,Vine Whip,Wrap,Sleep Powder,Poison Powder,Stun Spore,Acid,Knock Off,Sweet Scent,Gastro Acid,Razor Leaf,Poison Jab,Slam,Power Whip,,,,,,,,,,,,,,,,,Grass,Poison
Victreebel,370,193,121,184,130,130,Razor Leaf,Sleep Powder,Sweet Scent,Vine Whip,Leaf Blade,Gastro Acid,Power Whip,Spit Up,Stockpile,Swallow,,,,,,,,,,,,,,,,,,,,,Grass,Poison
Tentacool,190,76,67,94,184,130,Poison Sting,Water Gun,Acid,Wrap,Supersonic,Water Pulse,Screech,Bubble Beam,Hex,Acid Armor,Poison Jab,Surf,Sludge Wave,Hydro Pump,,,,,,,,,,,,,,,,,Water,Poison
Tentacruel,270,130,121,148,220,184,Acid,Poison Sting,Reflect Type,Water Gun,Wrap,Supersonic,Water Pulse,Screech,Bubble Beam,Hex,Acid Armor,Poison Jab,Surf,Sludge Wave,Hydro Pump,,,,,,,,,,,,,,,,Water,Poison
Geodude,190,148,184,58,58,40,Defense Curl,Tackle,Rock Polish,Rollout,Bulldoze,Rock Throw,Smack Down,Self Destruct,Stealth Rock,Rock Blast,Earthquake,Explosion,Double Edge,Stone Edge,,,,,,,,,,,,,,,,,Rock,Ground
Graveler,220,175,211,85,85,67,Defense Curl,Rock Polish,Tackle,Rollout,Bulldoze,Rock Throw,Smack Down,Self Destruct,Stealth Rock,Rock Blast,Earthquake,Explosion,Double Edge,Stone Edge,,,,,,,,,,,,,,,,,Rock,Ground
Golem,270,220,238,103,121,85,Defense Curl,Heavy Slam,Rock Polish,Tackle,Rock Throw,Smack Down,Bulldoze,Self Destruct,Stealth Rock,Rock Blast,Earthquake,Explosion,Double Edge,Stone Edge,,,,,,,,,,,,,,,,,Rock,Ground
Ponyta,210,157,103,121,121,166,Growl,Tackle,Tail Whip,Ember,Flame Charge,Agility,Flame Wheel,Stomp,Fire Spin,Take Down,Inferno,Fire Blast,Flare Blitz,,,,,,,,,,,,,,,,,,Fire,
Rapidash,240,184,130,148,148,193,Ember,Growl,Megahorn,Poison Jab,Quick Attack,Smart Strike,Tackle,Tail Whip,Flame Charge,Agility,Flame Wheel,Stomp,Fire Spin,Take Down,Inferno,Fire Blast,Flare Blitz,,,,,,,,,,,,,,Fire,
Slowpoke,290,121,121,76,76,31,Curse,Tackle,Growl,Water Gun,Yawn,Confusion,Disable,Water Pulse,Headbutt,Zen Headbutt,Amnesia,Surf,Slack Off,Psychic,Phych Up,Rain Dance,Heal Pulse,,,,,,,,,,,,,,Water,Psychic
Slowbro,300,139,202,184,148,58,Curse,Growl,Tackle,Water Gun,Withdraw,Yawn,Confusion,Disable,Water Pulse,Headbutt,Zen Headbutt,Amnesia,Surf,Slack Off,Psychic,Psych Up ,Rain Dance,Heal Pulse,,,,,,,,,,,,,Water,Psychic
Magnemite,160,67,130,175,103,85,Tackle,Thunder Shock,Supersonic,Thunder Wave,Electro Ball,Gyro Ball,Spark,Screech,Magnet Rise,Flash Cannon,Discharge,Metal Sound,Light Screen,Lock On,Zap Cannon,,,,,,,,,,,,,,,,Electric,Steel
Magneton,210,112,175,220,130,130,Electric Terrain,Supersonic,Tackle,Thunder Shock,Thunder Wave,Electro Ball,Gyro Ball,Spark,Screech,Magnet Rise,Flash Cannon,Discharge,Metal Sound,Light Screen,Lock On,Zap Cannon,Tri Attack,,,,,,,,,,,,,,Electric,Steel
Farfetch'd,214,166,103,108,116,112,Peck,Sand Attack,Leer,Fury Cutter,Cut,Aerial Ace,Air Cutter,Knock Off,False Swipe,Slash,Swords Dance,Air Slash,Leaf Blade,Agility,Brave Bird,,,,,,,,,,,,,,,,Normal,Flying
Doduo,180,157,85,67,67,139,Growl,Peck,Quick Attack,Fury Attack,Pluck,Double Hit,Agility,Uproar,Acupressure,Swords Dance,Drill Peck,Endeavor,Thrash,,,,,,,,,,,,,,,,,,Normal,Flying
Dodrio,230,202,130,112,112,202,Growl,Peck,Quick Attack,Fury Attack,Pluck,Double Hit,Agility,Uproar,Acupressure,Swords Dance,Drill Peck,Endeavor,Thrash,Tri Attack,,,,,,,,,,,,,,,,,Normal,Flying
Seel,240,85,1103,85,130,85,Headbutt,Growl,Charm,Icy Wind,Encore,Ice Shard,Rest,Aqua Ring,Aurora Beam,Aqua Jet,Brine,Take Down,Dive,Aqua Tail,Ice Beam,Safeguard,Snowscape,,,,,,,,,,,,,,Water,
Dewgong,290,130,148,130,175,130,Growl,Headbutt,Icy Wind,Encore,Ice Shard,Rest,Aqua Ring,Aurora Beam,Aqua Jet,Brine,Take Down,Dive,Aqua Tail,Ice Beam,Safeguard,Sheer Cold,,,,,,,,,,,,,,,Water,Ice
Grimer,270,148,94,76,94,49,Poison Gas,Pound,Harden,Mud Slap,Disable,Sludge,Mud Shot,Minimize,Toxic,Sludge Bomb,Sludge Wave,Screech,Gunk Shot,Acid Armor,Belch,Memento,,,,,,,,,,,,,,,Poison,
Muk,320,193,139,121,184,94,Harden,Mud Slap,Poison Gas,Pound,Disable,Sludge,Mud Shot,Minimize,Toxic,Sludge Bomb,Sludge Wave,Screech,Gunk Shot,Acid Armor,Belch,Memento,,,,,,,,,,,,,,,Poison,
Shellder,170,121,184,85,49,76,Tackle,Water Gun,Withdraw,Ice Shard,Leef,Whirlpool,Supersonic,Aurora Beam,Protect,Razor Shell,Iron Defense,Ice Beam,Shell Smash,Hydro Pump,,,,,,,,,,,,,,,,,Water,
Cloyster,210,175,328,157,85,130,Aurora Beam,Hydro Pump,Ice Beam,Ice Shard,Icicle Crash,Iron Defense,Leer,Protect,Shell Smash,Spikes,Supersonic,Tackle,Toxic Spikes,Water Gun,Whirlpool,Withdraw,Razor Shell,Icicle Spear,,,,,,,,,,,,,Water,Ice
Gastly,170,67,58,184,67,148,Confuse Ray,Lick,Hypnosis,Mean Look,Payback,Spite,Curse,Hex,Night Shade,Sucker Punch,Dark Pulse,Shadow Ball,Destiny Bond,Dream Eater,,,,,,,,,,,,,,,,,Ghost,Poison
Haunter,200,94,85,211,103,175,Confuse Ray,Hypnosis,Lick,Mean Look,Payback,Spite,Curse,Hex,Night Shade,Sucker Punch,Dark Pulse,Shadow Ball,Destiny Bond,Dream Eater,Shadow Punch,,,,,,,,,,,,,,,,Ghost,Poison
Gengar,230,121,112,238,139,202,Confuse Ray,Hypnosis,Lick,Mean Look,Perish Song,Reflect Type,Shadow Punch,Payback,Spite,Curse,Hex,Night Shade,Sucker Punch,Dark Pulse,Shadow Ball,Destiny Bond,Dream Eater,,,,,,,,,,,,,,Ghost,Poison
Onix,180,85,292,58,85,130,Bind,Harden,Rock Throw,Tackle,Smack Down,Rock Polish,Dragon Breath,Curse,Rock Slide,Screech,Sand Tomb,Stealth Rock,Slam,Sandstorm,Dig,Iron Tail,Stone Edge,Double Edge,,,,,,,,,,,,,Rock,Ground
Drowzee,230,90,85,81,166,80,Hypnosis,Pound,Disable,Confusion,Headbutt,Poison Gas,Psybeam,Psych Up,Zen Headbutt,Swagger,Psychic,Nasty Plot,Psyshock,Future Sight,,,,,,,,,,,,,,,,,Psychic,
Hypno,280,135,130,135,211,125,Confusion,Disable,Hypnosis,Pound,Switcheroo,Headbutt,Poison Gas,Psybeam,Psych Up,Zen Headbutt,Swagger,Psychic,Nasty Plot,Psychock,Future Sight,,,,,,,,,,,,,,,,Psychic,
Krabby,170,193,166,49,49,94,Leer,Water Gun,Harden,Metal Claw,Mud Shot,Protect,Bubble Beam,Stomp,Flail,Razor Shell,Slam,Swoards Dance,Crabhammer,Guillotine,,,,,,,,,,,,,,,,,Water,
Kingler,220,238,211,94,94,139,Hammer Arm,Harden,Leer,Metal Claw,Water Gun,Wide Guard,Mud Shot,Protect,Bubble Beam,Stomp,Flail,Razor Shell,Slam,Swords Dance,Crabhammer,Guillotine,,,,,,,,,,,,,,,Water,
Voltorb,190,58,94,103,103,184,Charge,Tackle,Thunder Shock,Eerie Impulse,Spark,Rollout,Screech,Charge Beam,Swift,Electro Ball,Self Destruct,Light Screen,Magnet Rise,Discharge,Explosion,Gyro Ball,Mirror Coat,,,,,,,,,,,,,,Electric,
Electrode,230,94,130,148,148,274,Charge ,Eerie Impulse,Magnetic Flux,Tackle,Thunder Shock,Spark,Rollout,Screech,Charge Beam,Swift,Electro Ball,Self Destruct,Light Scren,Magnet Rise,Discharge,Explosion,Gyro Ball,Mirror Coat,Chloroblast,,,,,,,,,,,,Electric,
Exeggcute,230,76,148,112,85,76,Absorb,Hypnosis,Reflect,Leech Seed,Mega Drain,Confusion,Synthesis,Bullet Seed,Giga Drain,Extrasensory,Uproar,Worry Seed,Solar Beam,,,,,,,,,,,,,,,,,,Grass,Psychic
Exeggutor,300,175,157,229,139,103,Absorb,Bullet Seed,Confusion,Extrasensory,Giga Drain,Hypnosis,Leaf Storm,Leech Seed,Mega Drain,Psychock,Reflect,Seed Bomb,Solar Beam,Synthesis,Uproar,Wood Hammer,Worry Seed,Stomp,Growth,,,,,,,,,,,,Grass,Psychic
Cubone,210,94,175,76,94,67,Growl,Mud Slap,Tail Whip,False Swipe,Headbutt,Retaliate,Fling,Stomping Tantrum,Bone Rush,Focus Energy,Endeavor,Bonemerang,Thrash,Double Edge,,,,,,,,,,,,,,,,,Ground,
Marowak,230,148,202,94,148,85,False Swipe,Growl,Mud Slap,Tail Whip,Headbutt,retaliate,Fling,Stomping Tantrum,Bone Rush,Focus Energy,Endeavor,Bonemerang,Thrash,Double Edge,,,,,,,,,,,,,,,,,Ground,
Hitmonlee,210,220,99,67,202,161,Fake Out,Focus Energy,Helping Hand,Low Sweep,Tackle,Double Kick,Low Kick,Endure,Sucker Punch,Wide Guard,Blaze Kick,Feint,Mega Kick,Close Combat,Reversal,High Jump Kick,Axe Kick,Brick Break,,,,,,,,,,,,,Fighting,
Hitmonchan,210,193,146,67,202,141,Fake Out,Feint,Focus Energy,Helping Hand,Tackle,Mach Punch,Vacuum Wave,Detect,Bullet Punch,Quick Guard,Fire Punch,Ice Punch,Thunder Punch,Agility,Mega Punch,Close Combat,Counter,Focus Punch,Drain Punch,,,,,,,,,,,,Fighting,
Lickitung,290,103,139,112,139,58,Defense Curl,Lick,Rollout,Supersonic,Wrap,Disable,Stomp,Knock Off,Screech,Slam,Power Whip,Belly Drum,,,,,,,,,,,,,,,,,,,Normal,
Koffing,190,121,175,112,85,67,Poison Gas,Tackle,Smog,Smokescreen,Clear Smog,Assurance,Sludge,Haze,Self Destruct,Sludge Bomb,Toxic,Belch,Explosion,Memento,Destiny Bond,,,,,,,,,,,,,,,,Poison,
Weezing,240,166,220,157,130,112,Heat WAve,Poison Gas,Smog,Smokescreen,Tackle,Clear Smog,Assurance,Sludge,Haze,Self Destruct,Sludge Bomb,Toxic,Belch,Explosion,Memento,Destiny Bond,Double Hit,,,,,,,,,,,,,,Poison,
Rhyhorn,270,157,175,58,58,49,Tackle,Tail Whip,Smack Down,Bulldoze,Horn Attack,Scary Face,Stomp,Rock Blast,Drill Run,Take Down,Earthquake,Stone Edge,Megahorn,Horn Drill,,,,,,,,,,,,,,,,,Ground,Rock
Rhydon,320,238,220,85,85,76,Bulldoze,Smack Down,Tackle,Tail Whip,Horn Attack,Scary Face,Stomp,Rock Blast,Drill Run,Take Down,Earthquake,Stone Edge,Megahorn,Horn Drill,Hammer Arm,,,,,,,,,,,,,,,,Ground,Rock
Chansey,610,13,13,67,193,94,Charm,Copycat,Covet,Defense Curl,Disarming Voice,Pound,Sweet Kiss,Tail Whip,Echoed Voice,Life Dew,Sing,Fling,Take Down,Heal Pulse,Helping Hand,Light Screen,Double Edge,Soft Boiled,Last Resort,Healing Wish,,,,,,,,,,,Normal,
Tangela,240,103,211,184,76,112,Absorb,Bind,Stun Spore,Growth,Mega Drain,Vine Whip,Poison Powder,Ancient Power,Knock Off,Giga Drain,Sleep Powder,Slam,Tickle,Power Whip,Ingrain,Grassy Terrain,,,,,,,,,,,,,,,Grass,
Kangaskhan,320,175,148,76,148,166,Pound,Tail Whip,Growl,Fake Out,Bite,Stomp,Focus Energy,Headbutt,Sucker Punch,Double Hit,Crunch,Endure,Reversal,Outrage,Last Resort,,,,,,,,,,,,,,,,Normal,
Horsea,170,76,130,130,49,112,Leer,Water Gun,Smokescreen,Twister,Focus Energy,Dragon Breath,Bubble Beam,Agility,Water Pulse,Dragon Pulse,Hydro Pump,Dragon Dance,Rain Dance,,,,,,,,,,,,,,,,,,Water,
Seadra,220,121,175,175,85,157,Leer,Smokescreen,Twister,Water Gun,Focus Energy,Dragon Breath,Bubble Beam,Agility,Water Pulse,Dragon Pulse,Hydro Pump,Dragon Dance,Rain Dance,,,,,,,,,,,,,,,,,,Water,
Goldeen,200,125,112,67,94,117,Peck,Tail Whip,Supersonic,Water Pulse,Horn Attack,Agility,Aqua Ring,Flail,Waterfall,Soak,Megahorn,Horn Drill,,,,,,,,,,,,,,,,,,,Water,
Seaking,270,170,121,121,148,126,Peck,Supersonic,Tail Whip,Water Pulse,Horn Attack,Agility,Aqua Ring,Flail,Waterfall,Soak,Megahorn,Horn Drill,,,,,,,,,,,,,,,,,,,Water,
Staryu,170,85,103,130,103,157,Harden,Tackle,Water Gun,Confuse Ray,Rapid Spin,Minimize,Swift,Psybeam,Brine,Light Screen,Power Gem,Psychic,Surf,Recover,Cosmic Power,Hydro Pump,,,,,,,,,,,,,,,Water,
Starmie,230,139,157,184,157,211,Brine,Confuse Ray,Cosmic Power,Harden,Hydro Pump,Light Screen,Minimize,Power Gem,Psybeam,Psychic,Rapid Spin,Recover,Surf,Swift,Tackle,Water Gun,,,,,,,,,,,,,,,Water,Psychic
Mr. Mime,190,85,121,184,220,166,Baton Pass,Copycat,Encore,Guard Swap,Pound,Power Swap,Quick Guard,Wide Guard,Confusion,Role Play,Protect,Recycle,Psybeam,Mimic,Light Screen,Reflect,Safeguard,Sucker Punch,Dazzling Gleam,Psychic,Teeter Dance,,,,,,,,,,Psychic,Fairy
Scyther,250,202,148,103,148,193,Leer,Quick Attack,Fury Cutter,False Swipe,Wing Attack,Double Team,Double Hit,Slash,Focus Energy,Agility,Air Slash,X Scissor,Swords Dance,,,,,,,,,,,,,,,,,,Bug,Flying
Jynx,240,94,67,211,175,175,Copycat,Lick,Pound,Powder Snow,Sweet Kiss,Confusion,Covet,Sing,Fake Tears,Ice Punch,Psychic,Lovely Kiss,Mean Look,Perish Song,Blizzard,,,,,,,,,,,,,,,,Ice,Psychic
Electabuzz,240,153,107,175,157,193,Charge,Leer,Quick Attack,Thunder Shock,Swift,Shock Wave,Thunder Wave,Screech,Thunder Punch,Discharge,Low Kick,Thunderbolt,Light Screen,Thunder,Giga Impact,,,,,,,,,,,,,,,,Electric,
Magmar,240,175,107,184,157,171,Ember,Leer,Smog,Smokescreen,Clear Smog,Flame Wheel,Confuse Ray,Scary Face,Fire Punch,Lava Plume,Low Kick,Flamethrower,Sunny Day,Fire Blast,Hyper Beam,,,,,,,,,,,,,,,,Fire,
Pinsir,240,229,184,103,130,157,Harden,Vise Grip,Focus Energy,Bind,Seiemic Toss,Bug Bite,Storm Throw,Double Hit,Vital Throw,X Scissor,Strength,Swords Dance,Submission,Guillotine,Superpower,,,,,,,,,,,,,,,,Bug,
Tauros,260,184,175,76,130,202,Tackle,Tail Whip,Work Up,Payback,Assurance,Horn Attack,Scary Face,Zen Headbutt,Raging Bull,Rest,Swagger,Thrash,Double Edge,Giga Impact,,,,,,,,,,,,,,,,,Normal,
Magikarp,150,22,103,31,40,148,Splash,Tackle,Flail,,,,,,,,,,,,,,,,,,,,,,,,,,,,Water,
Gyarados,300,229,146,112,184,150,Flail,Leer,Splash,Tackle,Twister,Whirlpool,Ice Fang,Brine,Scary Face,Waterfall,Crunch,Rain Dance,Aqua Tail,Dragon Dance,Hydro Pump,Hurricane,Threash,Hyper Beam,Bite,,,,,,,,,,,,Water,Flying
Lapras,370,157,148,157,175,112,Growl,Water Gun,Sing,Mist,Life Dew,Ice Shard,Confuse Ray,Water Pulse,Brine,Body Slam,Ice Beam,Rain Dance,Hydro Pump,Perish Song,Sheer Cold,,,,,,,,,,,,,,,,Water,Ice
Eevee,220,103,94,85,121,103,Covet,Growl,Helping Hand,Tackle,Tail Whip,Sand Attack,Quick Attack,Baby Doll Eyes,Swift,Bite,Copycat,Baton Pass,Take Down,Charm,Double Edge,Last Resort,,,,,,,,,,,,,,,Normal,
Vaporeon,370,121,112,202,175,121,Baton Pass,Bite,Charm,Copycat,Covet,Double Edge,Growl,Helping Hand,Swift,Tackle,Tail Whip,Take Down,Sand Attack,Quick Attack,Baby Boll Eyes,Haze,Water Pulse,Aurora Beam,Aqua Ring,Muddy Water,Acid Armor,Hydro Pump,Last Resort,Water Gun,,,,,,,Water,
Jolteon,240,121,112,202,175,238,Baton Pass,Bite,Charm,Copycat,Covet,Double Edge,Growl,Helping Hand,Swift,Tackle,Tail Whip,Take Down,Sand Attack,Baby Doll Eyes,Thunder Wave,Double Kick,Thunder Fang,Pin Missle,Discharge,agility,Thunder,Last Resort,Thunder Shock,,,,,,,,Electric,
Flareon,240,238,112,175,202,121,Baton Pass,Charm,Copycat,Covet,Double Edge,Growl,Helping Hand,Swift,Tackle,Tail Whip,Take Down,Sand Attack,Quick Attack,Baby Doll Eyes,Smog,Bite,Fire Fang,Fire Spin,Lava Plume,Scary Face,Flare Blitz,Last Resort,Ember,,,,,,,,Fire,
Porygon,240,112,130,157,139,76,Conversion,Tackle,Recycle,Magnet Rise,Thunder Shock,Psybeam,Conversion 2,Agility,Recover,Discharge,Tri Attack,Double Edge,Lock On,Zap Cannon,,,,,,,,,,,,,,,,,Normal,
Omanyte,180,76,184,166,103,67,Bind,Withdraw,Rollout,Sand Attack,Water Gun,Leer,Mud Shot,Ancient Power,Brine,Protect,Rock Blast,Surf,Shell Smash,Hydro Pump,,,,,,,,,,,,,,,,,Rock,Water
Omastar,250,112,229,211,130,103,Bind,Crunch,Rollout,Sand Attack,Withdraw,Water Gun,Leer,Mud Shot,Ancient Power,Brine,Protect,Rock Blast,Surf,Shell Smash,Hydro Pump,Crunch,,,,,,,,,,,,,,,Rock,Water
Kabuto,170,148,166,103,85,103,Absorb,Harden,Scratch,Sand Attack,Aqua Jet,Leet,Mud Shot,Ancient Power,Brine,Protect,Leech Life,Liquidation,Metal Sound,Stone Edge,,,,,,,,,,,,,,,,,Rock,Water
Kabutops,230,211,193,121,130,148,Absorb,Feint,Harden,Night Slash,Sand Attack,Scratch,Slash,Aqua Jet,Leer,Mud Shot,Ancient Power,brine,Protect,Leech Life,Liquidation,Metal Sound,Stone Edge,Slash,,,,,,,,,,,,,Rock,Water
Aerodactyl,270,193,121,112,139,238,Ancient Power,Bite,Supersonic,Wing Attack,Scary Face,Rock Slide,Roar,Crunch,Iron Head,Take Down,Stone Edge,Agility,Hyper Beam,Giga Impact,,,,,,,,,,,,,,,,,Rock,Flying
Snorlax,430,202,121,121,202,58,Block,Covet,Defense Curl,Flail,Fling,Last Resort,Lick,Metronome,Recycle,Screech,Stockpile,Swallow,Tackle,Yawn,Bite,Rest,Sleep Talk,Snore,Crunch,Body Slam,Heavy Slam,Amnesia,High Horsepower,Hammer Arm,Belly Drum,Belch,Giga Impact,,,,Normal,
Articuno,290,157,184,175,229,157,Gust,Mist,Powder Snow,Reflect,Ice Shard,Agility,Ancient Power,Tailwind,Freeze Dry,Roost,Ice Beam,Snowscape,Hurricane,Haze,Blizzard,Sheer Cold,Brave Bird,Hyper Beam,Air Slash,,,,,,,,,,,,Ice,Flying
Zapdos,290,166,157,229,166,184,Peck,Thunder Wave,Thunder Shock,Light Screen,Pluck,Agility,Ancient Power,Charge,Drill Peck,Roost,Discharge,Rain Dance,Thunder,Detect,Magnetic Flux,Zap Cannon,,,,,,,,,,,,,,,Electric,Flying
Moltres,290,184,166,229,157,166,Gust,Leer,Ember,Safeguard,Wing Attack,Agility,Ancient Power,Incinerate,Air Slash,Roost,Heat Wave,Sunny Day,Hurricane,Endure,Overheat,Sky Attack,,,,,,,,,,,,,,,Fire,Flying
Dratini,192,119,85,94,94,94,Leer,Wrap,Twister,Thunder Wave,Dragon Tail,Agility,Slam,Aqua Tail,Dragon Rush,Safeguard,Rain Dance,Dragon Dance,Outrage,Hyper Beam,,,,,,,,,,,,,,,,,Dragon,
Dragonair,232,155,121,130,130,130,Leer,Thunder Wave,Twister,Wrap,Dragon Tail,Agility,Slam,Aqua Tail,Dragon Rush,Safeguard,Rain Dance,Dragon Dance,Outrage,Hyper Beam,,,,,,,,,,,,,,,,,Dragon,
Dragonite,292,245,175,184,184,148,Extreme Speed,Fire Punch,Leer,Roost,Thunder Punch,Thunder Wave,Twister,Wing Attack,Wrap,Dragon Tail,Agility,Slam,Aqua Tail,Dragon Rush,Outrage,Safeguard,Rain Dance,Dragon Dance,Hyper Beam,Hurricane,,,,,,,,,,,Dragon,Flying
Mewtwo,322,202,166,281,166,238,Confusion,Disable,Life Dew,Swift,Ancient Power,Psycho Cut,Safeguard,Amnesia,Aura Sphere,Pyschic,Guard Swap,Power Swap,Mist,Psystrike,Recover,Future Sight,,,,,,,,,,,,,,,Psychic,
Mew,310,184,184,184,184,184,Pound,Reflect Type,Amnesia,Baton Pass,Ancient Power,Life Dew,Nasty Plot,Metronome,Imprison,Transform,Aura Sphere,Psychic,,,,,,,,,,,,,,,,,,,Psychic,
Chikorita,200,92,121,92,121,85,Growl,Tackle,Razor Leaf,Poison Powder,Synthesis,Reflect,Magical Leaf,Leech Seed,Sweet Scent,Light Screen,Body Slam,Safeguard,Giga Drain,Solar Beam,,,,,,,,,,,,,,,,,Grass,
Bayleef,230,116,148,117,148,112,Growl,Poison Powder,Razor Leaf,Tackle Synthesis,Reflect,Magical Leaf,Leech Seed,Sweet Scent,Light Screen,Body Slam,Safeguard,Giga Drain,Solar Beam,,,,,,,,,,,,,,,,,,Grass,
Meganium,270,152,184,153,184,148,Growl,Petal Blizzard,Poison Powder,Razor Leaf,Tackle,Synthesis,Reflect,Magical Leaf,Leech Seed,Sweet Scent,Light Screen,Body Slam,Safeguard,Giga Drain,Solar Beam,Petal Dance,,,,,,,,,,,,,,,Grass,
Cyndaquil,188,98,81,112,94,121,Leer,Tackle,Smokescreen,Ember,Quick Attack,Flame Wheel,Defense Curl,Flame Charge,Swift,Lava Plume,Flamethrower,Inferno,Rollout,Double Edge,Overheat,Eruption,,,,,,,,,,,,,,,Fire,
Quilava,226,119,108,148,121,148,Leer,Smokescreen,Tackle,Ember,Quick Attack,Flame Wheel,Defense Curl,Swift,Flame Charge,Lava Plume,Flamethrower,Inferno,Rollout,Double Edge,Overheat,Eruption,,,,,,,,,,,,,,,Fire,
Typhlosion,266,155,144,200,157,184,Double Edge,Ember,Eruption,Gyro Ball,Leer,Smokescreen,Tackle,Quick Attack,Flame Wheel,Defense Curl,Swift,Flame Charge,Lava Plume,Flamethrower,Inferno,Rollout,Overheat,Infernal Parade,,,,,,,,,,,,,Fire,
Totodile,210,121,199,83,90,81,Leer,Scratch,Water Gun,Bite,Scary Face,Ice Fang,Flail,Crunch,Slash,Screech,Thrash,Aqua Tail,Superpower,Hydro Pump,,,,,,,,,,,,,,,,,Water,
Croconaw,240,148,148,110,117,108,Leer,Scratch,Water Gun,Bite,Scary Face,Ice Fang,Flail,Crunch,Slash,Screech,Thrash,Aqua Tail,Superpwer,Hydro Pump,,,,,,,,,,,,,,,,,Water,
Feraligatr,280,193,184,146,153,144,Agility,Leer,Scratch,Water Gun,Bite,Scary Face,Ice Fang,Flail,Crunch,Slash,Screech,Thrash,Aqua Tail,Superpower,Hydro Pump,,,,,,,,,,,,,,,,Water,
Sentret,180,87,65,67,85,40,Scratch,Defense Curl,Quick Attack,Fury Swipes,Helping Hand,Follow Me,Slam,Rest,Sucker Punch,Amnesia,Baton Pass,Double Edge,Hyper Voice,,,,,,,,,,,,,,,,,,Normal,
Furret,280,141,119,85,103,166,Coil,Defense Curl,Quick Attack,Scratch,Fury Swipes,Helping Hand,Follow Me,Slam,Rest,Sucker Punch,Amnesia,Baton Pass,Double Edge,Hyper Voice,Agility,,,,,,,,,,,,,,,,Normal,
Hoothoot,230,58,58,69,105,94,Growl,Peck,Tackle,Echoed Voice,Confusion,Reflect,Defog,Air Slash,Extrasensory,Take Down,Uproar,Roost,Moonblast,Hypnosis,Dream Eater,,,,,,,,,,,,,,,,Normal,Flying
Noctowl,310,94,94,159,177,130,Echoed Voice,Growl,Peck,Sky Attack,Tackle,Confusion,Reflect,Air Slash,Extrasensory,Take Down,Uproar,Roost,Moonblast,Hypnosis,Dream Eater,,,,,,,,,,,,,,,,Normal,Flying
Ledyba,190,40,58,76,148,103,Tackle,Supersonic,Swift,Light Screen,Reflect,Safeguard,Mach Punch,Roost,Struggle Bug,Baton Pass,Agility,Bug Buzz,Air Slash,,,,,,,,,,,,,,,,,,Bug,Flying
Ledian,220,67,94,103,202,157,Supersonic,Swift,Tackle,Light Screen,Reflect,Safeguard,Mach Punch,Roost,Struggle Bug,Baton Pass,Agility,Bug Buzz,Air Slash,Double Edge,,,,,,,,,,,,,,,,,Bug,Flying
Spinarak,190,112,76,76,76,58,Poison Sting,String Shot,Absorb,Infestation,Scary Face,Night Shade,Shadow Sneak,Fury Swipes,Sucker Punch,Agility,Pin Missle,Psychic,Poison Jab,Cross Poison,Sticky Web,Toxic Thread,,,,,,,,,,,,,,,Bug,Poison
Ariados,250,166,130,112,130,76,Absorb,Bug Bite,Fell Stinger,Focus Energy,Poison Sting,String Shot,Infestation,Scary Face,Night Shad,Shadow Sneak,Fury Swipes,Sucker Punch,Agility,Pin Missle,Psychic,Poison Jab,Cross Poison,Sticky Web,Toxic Thread,Swords Dance,,,,,,,,,,,Bug,Poison
Crobat,280,166,148,130,148,238,Absorb,Astonish,Cross Poison,Mean Look,Screech,Supersonic,Tailwind,Toxic,Poison Fang,Quick Guard,Air Cutter,Bite,Haze,Venoshock,Confuse Ray,Air Slash,Leech Life,,,,,,,,,,,,,,Poison,Flying
Chinchou,260,72,72,105,105,125,Supersonic,Water Gun,Electro Ball,Thunder Wave,Bubble Beam,Confuse Ray,Spark,Charge,Discharge,Aqua Ring,Flail,Take Down,Hydro Pump,,,,,,,,,,,,,,,,,,Water,Electric
Lanturn,360,108,108,141,141,125,Eerie Impulse,Electro Ball,Supersonic,Thunder Wave,Water Gun,Bubble Beam,Confuse Ray,Spark,Charge,Discharge,Aqua Ring,Flail,Take Down,Hydro Pump,Spit Up,Stockpile,Swallow,,,,,,,,,,,,,,Water,Electric
Pichu,150,76,31,67,67,112,Tail Whip,Thunder Shock,Play Nice,Sweet Kiss,Nuzzle,Nasty Plot,Charm,,,,,,,,,,,,,,,,,,,,,,,,Electric,
Cleffa,210,49,54,85,103,31,Copycat,Pound,Splash,Sing,Sweet Kiss,Disarming Voice,Encore,Charm,Water Pulse,Swift,Magical Leaf,,,,,,,,,,,,,,,,,,,,Fairy,
Igglybuff,290,58,31,76,40,31,Copycat,Pound,Sing,Defense Curl,Sweet Kiss ,Disarming Voice,Disable,Charm,Take Down,Swift,Dig,Wild Charge,,,,,,,,,,,,,,,,,,,Normal,Fairy
Togepi,180,40,121,76,121,40,Growl,Pound,Sweet Kiss,Life dew,Charm,Ancient Power,Yawn,Metronome,After You,Double Edge,Safeguard,Follow Me,Baton Pass,Last Resort,Extrasensory,Peck,,,,,,,,,,,,,,,Fairy,
Togetic,220,76,157,148,193,76,Fairy Wind,Growl,Life Dew,Pound,Sweet Kiss,Charm,Ancient Power,Yawn,Metronome,After You, Double edge,Safeguard,Follow Me,Baton Pass,Last Resort,Wish,,,,,,,,,,,,,,,,Fairy,Flying
Natu,190,94,85,130,85,130,Leer,Peck,Stored Power,Teleport,Confuse Ray,Night Shade,Psycho Shift,Power Swap,Guard Swap,Psychic,Wish,Furture Sight,,,,,,,,,,,,,,,,,,,Psychic,Flying
Xatu,240,139,130,175,130,175,Air Slash,Leer,Peck,Stored Power,Tailwind,Teleport,Confuse Ray ,Night Shade,Psycho Shift,Guard Swap,Power Swap,Psychic,Wish,Future Sight,,,,,,,,,,,,,,,,,Psychic,Flying
Mareep,220,76,76,121,85,67,Growl,Tackle,Thunder Wave,Thunder Shock,Cotton Spore,Charge,Take Down,Electro Ball,Confuse Ray,Power Gem,Discharge,Cotton Guard,Dazzling Gleam,Light Screen,Thunder,,,,,,,,,,,,,,,,Electric,
Flaaffy,250,103,103,148,112,85,Growl,Tackle,Thunder Shock,Thunder Wave,Cotton Spore,Charge,Take Down,Electro Ball,Confuse Ray,Power Gem,Discharge,Cotton Guard,Light Screen,Thunder,,,,,,,,,,,,,,,,,Electric,
Ampharos,290,139,157,211,166,103,Dragon Pulse,Fire Punch,Growl,Magnetic flux,Tackle,Thunder Shock,Thunder Wave,Zap Cannnon,Cotton Spore,Charge,Take Down,Electro Ball,Confuse Ray,Power Gem,Discharge,Cotton Guard,Dazzling Gleam,Light Screen,Thunder,Thunder Punch,,,,,,,,,,,Electric,
Bellossom,260,148,175,166,184,94,Absorb,Acid,Giga Drain,Grassy Terrain,Growth,Mega Drain,Moonblast,Moonlight,Petal Dance,Poison Powder,Quiver Dance,Sleep Powder,Stun Spore,Sweet Scent,Toxic,Petal Blizzard,,,,,,,,,,,,,,,Grass,
Marill,250,40,94,40,94,76,Defense Curl,Helping Hand,Rollout,Tackle,Tail Whip,Water Gun,Bubble Beam,Charm,Slam,Bounce,Aqua Tail,Play Rough,Aqua Ring,Rain Dance,Hydro Pump,Double Edge,Aqua Jet,,,,,,,,,,,,,,Water,Fairy
Azumarill,310,94,148,112,148,94,Defense Curl,Helping Hand,Rollout,Tackle,Tail Whip,Water Gun,Bubble Beam,Charm,Slam,Bounce,Aqua Tail,Play Rough,Aqua Ring,Rain Dance,Hydro Pump,Double Edge,Superpower,Aqua Jet,Hyper Beam,,,,,,,,,,,,Water,Fairy
Sudowoodo,250,184,211,58,121,58,Copycat,Fake Tears,Flail,Hammer Arm,Rock Throw,Stone Edge,Wood Hammer,Block,Mimic,Rock Tomb,Tearful Look,Sucker Punch,Rock Slide,Low Kick,Counter,Double Edge,Head Smash,Slam,,,,,,,,,,,,,Rock,
Politoed,290,139,139,166,184,130,Belly Drum,Hydro Pump,Pound,Rain Dance,Bounce,Body Slam,Bubble Beam,Double Edge,Earth Power,Hyper Voice,Hypnosis,Mud Shot,Perish Song,Swagger,Water Gun,,,,,,,,,,,,,,,,Water,
Hoppip,180,67,76,67,103,94,Splash,Tackle,Tail Whip,Absorb,Fairy Wind,Poison Powder,Sleep Powder,Stun Spore,Bullet Seed,Synthesis,Leech Seed,Mega Drain,Acrobatics,Cotton Spore,U turn,Giga Drain ,Bounce,Memento,,,,,,,,,,,,,Grass,Flying
Skiploom,220,85,94,85,121,148,Absorb,Splash,Synthesis,Tail Whip,Tackle,Fairy Wind,Poison Powder,Sleep Powder,Stun Spore,Bullet Seed,Leech Seed,Mega Drain,Acrobatics,Cotton Spore,U turn,Giga Drain,Bounce,Memento,,,,,,,,,,,,,Grass,Flying
Jumpluff,260,103,130,103,175,202,Absorb,Splash,Synthesis,Tail Whip,Tackle,Fairy Wind,Poison Powder,Sleep Powder,Stun Spore,Bullet Seed,leech Seed,Mega Drain,Acrobatics,Cotton Spore,U turn,Giga Drain,Bounce,Memento,,,,,,,,,,,,,Grass,Flying
Aipom,220,130,103,76,103,157,Scratch,Tail Whip,Sand Attack,Astonish,Baton Pass,Tickle,Fury Swipes,Swift,Screech,Agility,Double Hit,Fling,Nasty Plot,Last Resort,,,,,,,,,,,,,,,,,Normal,
Sunkern,170,58,58,58,58,58,Growth,Tackle,Absorb,Mega Drain,Razor Leaf,Worry Seed,Giga Drain,Endeavor,Synthesis,Solar Beam,Double Edge,Sunny Day,Seed Bomb,,,,,,,,,,,,,,,,,,Grass,
Sunflora,360,139,103,193,157,58,Growth,Pound,Tackle,Ingrain,Absorb,Mega Drain,Leech Seed,Razor Leaf,Worry Seed,Giga Drain,Bullet Seed,Petal Dance,Solar Beam,Double Edge,Sunny day,Leaf Storm,Petal Blizzard,,,,,,,,,,,,,,Grass,
Yanma,240,121,85,139,85,175,Tackle,Quick Attack,Double team,Air Cutter,Detect,Supersonic,Uproar,Bug Bite,Ancient Power,Hypnosis,Wing Attack,Screech,U turn,Air Slash,Bug Buzz,,,,,,,,,,,,,,,,Bug,Flying
Wooper,220,85,85,49,49,31,Tail Whip,Water Gun,Rain Dance,Mud Shot,Haze,Mist,Slam,Yawn,Aqua Tail,Muddy Water,Amnesia,Toxic,Earthquake,,,,,,,,,,,,,,,,,,Water,Ground
Quagsire,300,157,157,121,121,67,Mud Shot,Rain Dance,Tail Whip,Water Gun,Haze,Mist,Slam,Yawn,Aqua Tail,Muddy Water,Amnesia,Toxic,Earthquake,,,,,,,,,,,,,,,,,,Water,Ground
Espeon,240,121,112,238,175,202,Baton Pass,Bite,Charm,Copycat,Covet,Double Edge,Growl,Helping Hand,Tackle,Tail Whip,Take Down,Sand Attack,Quick Attack,Baby Doll Eyes,Swift,Psybeam,Morning Sun,Power Swap,Psychic,Psych Up,Future Sight,Last Resort,Confusion,,,,,,,,Psychic,
Umbreon,300,121,202,112,238,121,Baton Pass,Bite,Charm,Copycat,covet,Double,Edge,Growl,Helping Hand,Swift,Tackle,Tail Whip,Take Down,Sand Attack,Quick Attack,Baby Doll Eyes,Confuse Ray,Assurance,Moonlight,Guard Swap,Dark Pulse,Screech,Mean Look,Last Resort,Snarl,,,,,,Dark,
Murkrow,230,157,80,157,80,168,Astonish,Peck,Gust,Haze,Wing Attack,Night Shade,Assurance,Taunt,Mean Look,Foul Play,Sucker Punch,Torment,Quash,Brave Bird,,,,,,,,,,,,,,,,,Dark,Flying
Slowking,300,139,148,184,202,58,Curse,Growl,Nasty Plot,Power Gem,Swagger,Tackle,Water Gun,Yawn,Confusion,Disable,Water Pulse,Headbutt,Amnesia,Surf,Slack Off,Psychic,Psych Up,Rain Dance,Heal Pulse,Eerie Spell,Chilly Reception,Future Sight,,,,,,,,,Water,Psychic
Misdreavus,230,112,112,157,157,157,Confusion,Growl,Astonish,Confuse Ray,Mean Look Hex,Psybeam,Pain Split,Payback,Shadow Ball,Perish Song,Power Gem,,,,,,,,,,,,,,,,,,,,Ghost,
Unown,206,134,90,134,90,90,Hidden Power,Tackle,,,,,,,,,,,,,,,,,,,,,,,,,,,,,Psychic,
Wobbuffet,490,63,108,63,108,63,Amnesia,Charm,Counter,Destiny Bond,Encore,Mirror Coat,Safeguard,Splash,Tackle,,,,,,,,,,,,,,,,,,,,,,Psychic,
Girafarig,250,148,121,166,121,157,Astonish,Growl,Guard Swap,Power Swap,Tackle,Confusion,Assurance,Stomp,Psybeam,Agility,Double Hit,Twin Beam,Crunch,Baton Pass,Nasty Plot,Psychic,,,,,,,,,,,,,,,Normal,Psychic
Pineco,210,121,166,67,67,31,Protect,Tackle,Self Destruct,Bug Bite,Take Down,Rapid Spin,Rollout,Curse,Spikes,Payback,Explosion,Iron Defense,Gyro Ball,Double Edge,,,,,,,,,,,,,,,,,Bug,
Forretress,260,166,256,112,112,76,Bug Bite,Magent Rise,Protect,Self Destruct,Tackle,Toxic Spikes,Zap Cannon,Take Down,Rapid Spin,Rollout,Curse,Spikes,Payback,Explosion,Iron Defense,Gyro Ball,Double Edge,Heavy Slam,,,,,,,,,,,,,Bug,Steel
Dunsparce,310,130,130,121,121,85,Defense Curl,Flail,Mud Slap,Rollout,Glare,Screech,Ancient Power,Drill Run,Yawn,Hyper Drill,Roost,Dragon Rush,Coil,Double Edge,Endeavor,,,,,,,,,,,,,,,,Normal,
Gligar,240,139,193,67,121,157,Poison Sting,Sand Attack,Harden,Knock Off,Quick Attack,Fury Cutter,Posion Tail,Acrobatics,Slash,U turn,Screech,X Scissor,Crabhammer,Swords Dance,,,,,,,,,,,,,,,,,Ground,Flying
Steelix,260,157,364,103,121,58,Bind,Crunch,Fire Fang,Harden,Ice Fang,Rock Polish,Rock Throw,Tackle,Thunder Fang,Smack Down,Autotomize,Dragon Breath,Curse,Rock Slide,Screech,Sand Tomb,Stealth Rock,Slam,Sandstorm,Dig,Iron tail,Stone Edge,Double edge,Magnet Rise,,,,,,,Steel,Ground
Snubbull,230,148,94,76,76,58,Charm,Fire Fang,Growl,Ice Fang,Scary Face,Tackle,Tail Whip,Thunder Fang,Bite,Lick,Headbutt,Roar,Last Resort,Play Rough,Payback,Crunch,,,,,,,,,,,,,,,Fairy,
Granbull,290,220,139,112,112,85,Growl,Ice Fang,Outrage,Charm,Fire Fang,Scary Face,Tackle,Tail Whip,thunder Fang,Bite,Lick,Headbutt,Roar,Last Resort,Play Rough,Payback,Crunch,,,,,,,,,,,,,,Fairy,
Qwilfish,240,175,157,103,103,157,Poison Sting,Tackle,Harden,Water Gun,Fell Stinger,Minimize,Spikes,Brine,Poison Jab,Pin Missle,Toxic Spikes,Spit Up,Stockpile,Toxic,Aqua Tail,Acupressure,Destiny Bond,,,,,,,,,,,,,,Water,Poison
Scizor,250,238,184,103,148,121,Agility,Air Slash,Flase Swpie,Fury Cutter,Leer,Quick Attack,Metal Claw,Double Team,Double Hit,Slash,Focus Energy,Iron Defense,Iron Head,X Scissor,Swords Dance,Bullet Punch,,,,,,,,,,,,,,,Bug,Steel
Shuckle,150,22,418,22,418,13,Withdraw,Wrap,Rollout,Struggle Bug,Rock Throw,Safeguard,Rest,Bug Bite,Guard Split,Power Split,Rock Slide,Gastor Acid,Sticky Web,Power Trick,Stone Edge,Shell Smash,,,,,,,,,,,,,,,Bug,Rock
Heracross,270,229,139,76,175,157,Arm Thrust,Leer,Tackle,Fury Attack,Endure,Aerial Ace,Horn Attack,Counter,Brick Break,Pin Missle,Throat Chop,Thrash,Swords Dance,Megahorn,Close Combat,,,,,,,,,,,,,,,,Bug,Fighting
Sneasel,220,175,103,67,139,211,Leer,Scratch,Taunt,Quick Attack,Metal Claw,Icy Wind,Fury Swipes,Hone Claws,Beat Up,Agility,Screech,Slash,,,,,,,,,,,,,,,,,,,Dark,Ice
Teddiursa,230,148,94,94,94,76,Baby Doll Eyes,Covet,Fling,Lick,Scratch,Fury Swipes,Payback,Sweet Scent,Slash,Play Nice,Play Rough,Charm,Rest,Snore,Thrash,,,,,,,,,,,,,,,,Normal,
Ursaring,290,238,139,139,139,103,Covet,Fake Tears,Leer,Lick,Scratch,Fury Swipes,Payback,Sweet Scent,Slash,Play Nice,Play Rough,Scary Face,Rest Snore,High Horsepower,Thrash,Hammer Arm,,,,,,,,,,,,,,,Normal,
Slugma,190,76,76,130,76,40,Smog,Yawn,Ember,Rock Throw,Harden,Clear Smog,Ancient Power,Incinerate,Rock Slide,Lava Plume,Amnesia,Body Slam,Recover,Flamethrower,Earth Power,,,,,,,,,,,,,,,,Fire,
Magcargo,230,94,220,166,148,58,Earth Power,Ember,Rock Throw,Smog,Yawn,Harden,Clear Smog,Ancient Power,Incinerate,Rock Slide,Lava Plume,Amnesia,Body Slam,Recover,Flamethrower,Shell Smash,,,,,,,,,,,,,,,Fire,Rock
Swinub,210,94,76,58,58,94,Mud Slap,Tackle,Powder Snow,Flail,Ice Shard,Mist Endure,Icy Wind,Amnesia,Take Down,Earthquake,Blizzard,,,,,,,,,,,,,,,,,,,,Ice,Ground
Piloswine,310,184,148,112,112,94,Ancient Power,Flail,Mud Slap,Powder Snow,Tackle,Ice Shard,Mist,Endure,Icy Wind,Amnesia,Take Down,Earthquake,Blizzard,Thrash,Ice Fang,,,,,,,,,,,,,,,,Ice,Ground
Corsola,240,103,175,121,175,67,Harden,Tackle,Water Gun,Aqua Ring,Endure,Ancient Power,Bubble Beam,Flail,Life Dew,Power Gem,Earth Power,Recover,Mirror Coat,,,,,,,,,,,,,,,,,,Water,Rock
Remoraid,180,121,67,121,67,121,Helping Hand,Water Gun,Water Pulse,Focus Energy,Psybeam,Aurora Beam,Bubble Beam,Lock On,Bullet Seed,Ice Beam,Hydro Pump,Soak,Hyper Beam,,,,,,,,,,,,,,,,,,Water,
Octillery,260,193,139,193,139,85,Focus Energy,Gunk Shot,Helping Hand,Octazooka,Rock Blast,Water Gun,Water Pulse,Wrap,Psybeam,Aurora Beam,Bubble Beam,Lock On,Bullet Seed,Ice Beam,Hydro Pump,Soak,Hyper Beam,,,,,,,,,,,,,,Water,
Delibird,200,103,85,121,85,139,Present,Drill Peck,Aurora Bea,Fake Out,Freeze Dry,Ice Shard,Memento,Quick Attack,Rapid Spin,,,,,,,,,,,,,,,,,,,,,,Ice,Flying
Mantine,280,76,130,148,256,130,Bullet Seed,Psybeam,Roost,Supersonic,Tackle,Water Gun,Wing Attack,Water Pulse,Wing Attack,Water Pulse,Wide Guard,Agility,Bubble Beam,Headbutt,Air Slash,Aqua Ring,Bounce,Take Down,Hydro Pump,,,,,,,,,,,,Water,Flying
Skarmory,240,148,256,76,130,130,Leer,Peck,Sand Attack,Fury Attack,Metal Claw,Agility,Wing Attack,Slash,Steel Wing,Payback,Drill Peck,Metal Sound,Spikes,Iron Defense,Brave Bird,,,,,,,,,,,,,,,,Steel,Flying
Houndour,200,112,58,148,94,121,Ember,Leer,Howl,Smog,Roar,Bite,Incinerate,Beat UP,Fire Fang,Torment,Comeuppance,Foul Play,Flamethrower,Crunch,Nasty Plot,Inferno,,,,,,,,,,,,,,,Dark,Fire
Houndoom,260,166,94,202,148,175,Ember ,Howl,Leer,Nasty Plot,Smog,Thunder Fang,Roar,Bite,Incinerate,Beat Up,Fire Fang,Torment,Comeuppance,Foul Play,Flamethrower,Crunch,Inferno,,,,,,,,,,,,,,Dark,Fire
Kingdra,260,175,175,1751,175,157,Leer,Smokescreen,Twister,Water Gun,Whirlpool,Yawn,Focus Energy,Dragon Breath,Bubble Beam,Agility,Water Pulse,Dragon Pulse,Hydro Pump,Dragon Dance,Rain Dance,Wave Crash,,,,,,,,,,,,,,,Water,Dragon
Phanpy,290,112,112,76,76,76,Defense Curl,Growl,Tackle,Flail,Rollout,Bulldoze,Endure,Slam,Take Down,Charm,Last Resort,Double Edge,,,,,,,,,,,,,,,,,,,Ground,
Donphan,290,220,220,112,112,94,Bulldoze,Defense Curl,Fire Fang,Growl,Horn Attack,Thunder Fang,Rapid Spin,Rollout,Assurance,Knock Off,Slam,Stomping Tantrum,Scary Face,Earthquake,Giga Impact,Fury Attack,,,,,,,,,,,,,,,Ground,
Porygon2,280,248,166,193,175,112,Conversion,Defense Curl,Magnet Rise,Recycle,Tackle,Thunder Shock,Psybeam,Conversion 2,Agility,Recover,Discharge,Tri Attack,Lock On,Zap Cannon,Hyper Beam,,,,,,,,,,,,,,,,Normal,
Stantler,256,175,116,157,121,157,Tackle,Leer,Astonish,Hypnosis,Stomp,Sand Attack,Take Down,Confuse Ray,Calm Mind,Role Play,Zen Headbutt,Imprison,Double Edge,,,,,,,,,,,,,,,,,,Normal,
Tyrogue,180,67,67,67,67,67,Fake Out,Focus Energy,Helping Hand,Tackle,Bullet Punch,High Jump Kick,Mach Punch,Rapid Spin,,,,,,,,,,,,,,,,,,,,,,,Fighting,
Hitmontop,210,175,175,67,202,130,Fake Out,Feint,Focus Energy,Helping Hand,Tackle,Quick attack,Gyro Ball,Detect,Rapid Spin,Quick Guard,Wide Guard,Sucker Punch,Agility,Dig,Close Combat,Counter,Endeavor,Triple Kick,,,,,,,,,,,,,Fighting,
Smoochum,200,58,31,157,121,121,Lick,Pound,Powder Snow,Copycat,Confusion,Covet,Sing,Fake Tears,Ice Punch,Psychic,Sweet Kiss,Mean Look,Perish Song,Blizzard,,,,,,,,,,,,,,,,,Ice,Psychic
Elekid,200,117,71,121,103,175,Leer,Quick Attack,Thunder Shock,Charge,Swift,Shock Wave,Thunder Wave,Screech,Thunder Punch,Discharge,Low Kick,Thunderbolt,Light Screen,Thunder,,,,,,,,,,,,,,,,,Electric,
Magby,200,139,71,130,103,153,Leer,Smog,Ember,Smokescreen,Clear Smog,Flame Wheel,Confuse Ray,Scary Face,Fire Punch,Lava Plume,Low Kick,Flamethrower,Sunny Day,Fire Blast,,,,,,,,,,,,,,,,,Fire,
Miltank,300,148,193,76,130,184,Growl,Tackle,Rollout,Defense Curl,Stomp,Heal Bell,Headbutt,Zen Headbutt,Milk Drink,Body Slam,Play Rough,Charm,High Horsepower,,,,,,,,,,,,,,,,,,Normal,
Blissey,620,22,22,139,247,103,Charm,Copycat,Covet,Defense Curl,Disarming Voice,Pound,Sweet Kiss,Tail Whip,Echoed Voice,Life Dew,Sing,Fling,Take Down,Heal Pulse,Helping Hand,Light Screen,Double Edge,Soft Boiled,Last Resort,Healing Wish,,,,,,,,,,,Normal,
Raikou,290,157,139,211,184,211,Charge,Extreme Speed,Leer,Quick Attack,Thunder Shock,Spark,Bite,Calm Mind,Roar,Thunder Fang,Howl,Crunch,Extrasenroy,Dischare,Reflect,Rain Dance,Thunder,Zap Cannon,,,,,,,,,,,,,Electric,
Entei,340,211,157,166,139,184,Ember,Leer,Smokescreen,Stomp,Flame Wheel,Bite,Calm Mind,Roar,Fire Fang,Scary Face,Crunch,Extrasensory,Lava Plume,Swagger,Sunny Day,Fire Blast,Eruption,Exterme Speed,Sacred Fire,,,,,,,,,,,,Fire,
Suicune,310,139,211,166,211,157,Gust,Leer,Mist,Water Gun,Water Pulse,Bite,Calm Mind,Roar,Ice Fang,Tailwind,Crunch,Extrasensory,Surf,Mirror Coat,Rain Dance,Hydro Pump,Blizzard,Extreme Speed,Sheer Cold,,,,,,,,,,,,Water,
Larvitar,210,119,94,85,94,78,Leer,Tackle,Rock Throw,Payback,Bite,Scary Face,Rock Slide,Stomping Tantrum,Screech,Smack Down,Crunch,Earthquake,Stone Edge,Thrash,Sandstorm,Hyper Beam,,,,,,,,,,,,,,,Rock,Ground
Pupitar,250,155,130,121,130,96,Leer,Payback,Rock Throw,Tackle,Bite,Scary Face,Rock Slide,Stomping Tantrum,Screech,Smack Down,Crunch,Earthquake,Stone Edge,Trash,Sandstorm,Hyper Beam,Iron Defense,,,,,,,,,,,,,,Rock,Ground
Tyranitar,310,245,202,175,184,114,Dark Pulse,Fire Fang,Ice Fang,Iron Defense,Leer,Payback,Rock Throw,Tackle,Thunder Fang,Bite,Scary Face,Rock Slide,Stomping Tantrum,Screech,Smack Down,Crunch,Earthquake,Stone Edge,Thrash,Sandstorm,Hyper Beam,Giga Impact,,,,,,,,,Rock,Dark
Lugia,322,166,238,166,281,202,Ancient Power,Gust,Weather Ball,Whirlwind,Mist,Safeguard,Calm Mind,Extrasensory,Recover,Aeroblast,Rain Dance,Hydro Pump,Future Sight,Sky Attack,Dragon Rush,Brave Bird,,,,,,,,,,,,,,,Psychic,Flying
Ho-oh,322,238,166,202,281,166,Ancient Power,Gust,Weather Ball,Whirlwind,Life Dew,Safeguard,Calm Mind,Extrasensory,Recover,Sacred Fire,Sunny Day,Fire Blast,Future Sight,Sky Attack,Overheat,Brave Bird,,,,,,,,,,,,,,,Fire,Flying
Celebi,310,184,184,184,184,184,Confusion,Heal Bell,Magical Leaf,Baton Pass,Ancient Power,Life Dew,Leech Seed,Recover,Future Sight,Healing Wish,Leaf Storm,Perish Song,Energy Ball,Giga Impact,Grass Knot,Aerial Ace,Solar Beam,Giga Drain,,,,,,,,,,,,,Psychic,Grass
Treecko,190,85,67,121,103,130,Leer,Pound,Leafage,Quick Attack,Mega Drain ,Detect,Quick Guard,Assurance,Giga Drain,Slam,Double Team,Energy Ball,Screech,Endeavor,Leaf Storm,,,,,,,,,,,,,,,,Grass,
Grovyle,210,121,85,157,121,175,Leafage,Leer,Pound,Quick Attack,Mega Drain,Detect,Quick Guard,Assurance,Giga Drain,Slam,Double Team,Leaf Blade,Screech,Endeavor,Leaf Storm,Energy Ball,False Swipe,Fury Cutter,X Scissor,,,,,,,,,,,,Grass,
Sceptile,250,157,1121,193,157,220,Leafage,Leer,Pound,Quick Attack,Mega Drain,Detect,Quick Guard,Assurance,Giga Drain,Slam,Double Team,Screech,Endeavor,Leaf Storm,Leaf Blade,,,,,,,,,,,,,,,,Grass,
Torchic,200,112,76,130,94,85,Growl,Scratch,Ember,Quick Attack,Flame Charge,Detect,Sand Attack,Aerial Ace,Slash,Bounce,Focus Energy,Flamethrower,Feather Dance,Reversal,Flare Blitz,,,,,,,,,,,,,,,,Fire,
Combusken,230,157,112,157,112,103,Ember,Growl,Quick Attack,Scratch,Flame Charge,Detect,Sand Attack,Aerial Ace,Slash,Bouce,Focus Energy,Blaze Kick,Bulk Up,Reversal,Flare Blitz,Double Kick,Feather Dance,Flamethrower,,,,,,,,,,,,,Fire,Fighting
Blaziken,270,220,130,202,130,148,Double Kick,Growl,Quick Attack,Scratch,Flame Charge,Detect,Sand Attack,Aerial Ace,Slash,Bounce,Focus Energy,Bulk Up,Reversal,Flare Blitz,Brave Bird,Blaze Kick,Ember,Feather Dance,Fire Punch,Flamethrower,,,,,,,,,,,Fire,Fighting
Mudkip,210,30,94,94,94,76,Growl,Tackle,Water Gun,Rock Smash,Rock Throw,Protect,Supersonicc,Water Pulse,Rock Slide,Take Down,Amnesia,Surf,Screech,Endeavor,Hydro Pump,,,,,,,,,,,,,,,,Water,
Marshtomp,250,157,130,112,130,94,Growl,Tackle,Water Gun,Rock Throw,Protect,Supersonic,Water Pulse,Rock Slide,Take Down,Amnesia,Muddy Water,Screech,Endeavor,Hydro Pump,Mud Shot,Rock Smash,,,,,,,,,,,,,,,Water,Ground
Swampert,310,202,166,157,166,112,Growl,Mud Shot,Tackle,Water Gun,Rock Throw,Protect,Supersonic,Water Pulse,Rock Slide,Take Down,Amnesia,Muddy Water,Screech,Endeavor,Hydro Pump,Earthquake,Hammer Arm,Rock Smash,Surf,,,,,,,,,,,,Water,Ground
Poochyena,180,103,67,58,58,67,Tackle,Howl,Sand Attack,Bite,Leer,Roar,Swagger,Assurance,Scary Face,Taunt,Crunch,Yawn,Take Down,Sucker Punch,Play Rough,,,,,,,,,,,,,,,,Dark,
Mightyena,250,166,130,112,112,130,Bite,Crunch,Fire Fang,Ice Fang,Sand Attack,Tackle,Thief,Thunder Fang,Howl,Leer,Roar,Swagger,Assurance,Scary Face,Taunt,Yawn,Take Down,Sucker Punch,Play Rough,Snarl,,,,,,,,,,,Dark,
Zigzagoon,186,58,78,58,78,112,Growl,Tackle,Sand Attack,Tail Whip,Covet,Headbutt,Baby Doll,Eyes,Pin Missle,Rest,Take Down,Fling,Flail,Belly Drum,Double Edge,,,,,,,,,,,,,,,,Normal,
Linoone,266,130,114,94,114,184,Baby Doll Eyes,Growl,Pin Missle,Sand Attack,Slash,Switcheroo,Tackle,Tail Whip,Covet,Headbutt,Hone Claws,Fury Swipes,Rest,Take Down,Fling,Flail,Belly Drum,Double Edge,,,,,,,,,,,,,Normal,
Wurmple,200,85,67,40,58,40,String Shot,Tackle,Poison Sting,Bug Bite,,,,,,,,,,,,,,,,,,,,,,,,,,,Bug,
Silcoon,210,67,103,49,49,31,String Shot,Tackle,Poison Sting,Bug Bite,Harden,,,,,,,,,,,,,,,,,,,,,,,,,,Bug,
Beautifly,230,130,94,184,94,121,Bug Bite,Gust,Harden,Poison Sting,String Shot,Tackle,Absorb,Stun Spore,Morning Sun,Air Cutter,Mega Drain,Leech Life,Attract,Whirlwind,Giga Drain,Bug Buzz,Protect,Quiver Dance,,,,,,,,,,,,,Bug,Flying
Cascoon,210,67,103,49,49,31,String Shot,Tackle,Harden,Poison Sting,Bug Bite,,,,,,,,,,,,,,,,,,,,,,,,,,Bug,
Dustox,230,94,130,94,166,121,Bug Bite,Gust,Harden,Poison Sting,String Shot,Tackle,Confusion,Poison Powder,Moonlight,Venoshock,Psybeam,Leech Life,Light Screen,Whirlwind,Toxic,Bug Buxx,Protect,Quiver Dance,Gust,,,,,,,,,,,,Bug,Poison
Lotad,190,58,58,76,94,58,Astonish,Growl,Absorb,Water Gun,Mist,Mega Drain,Flail,Bubble Beam,Leech Seed,Giga Drain,Rain Dance,Zen Headbutt,Energy Ball,,,,,,,,,,,,,,,,,,Water,Grass
Lombre,230,94,94,112,130,94,Absorb,Astonish,Fake Out,Flail,Growl,Knock Off,Teeter Dance,Water Gun,Mist,Mega Drain,Fury Swipes,Bubble Beam,Leech Seed,Giga Drain,Zen Headbutt,Energy Ball,Hydro Pump,,,,,,,,,,,,,,Water,Grass
Ludicolo,270,130,130,166,184,130,Bubble Beam,Fake Out,Rain Dance,Absorb,Astonish,Energy Ball,Flail,Fury Swipes,Growl,Hydro Pump,Knock Off,Mega Drain,Mist,Teeter Dance,Water Gun,Zen Headbutt,,,,,,,,,,,,,,,Water,Grass
Seedot,190,76,94,58,58,58,Harden,Tackle,Absorb,Astonish,Growth,Rollout,Mega Drain,Payback,Headbutt,Sunny Day,Synthesis,Sucker Punch,Explosion,,,,,,,,,,,,,,,,,,Grass,
Nuzleaf,250,130,76,112,76,112,Absorb,Air Cutter,Astonish,Explosion,Fake Out,Harden,Swagger,Tackle,Torment,Growth,Rollout,Mega Drain,Payback,Synthesis,Sunny Day,Extrasensory,Sucker Punch,Leaf Blade,Razor Leaf,,,,,,,,,,,,Grass,Dark
Shiftry,290,184,112,166,112,148,Air Cutter,Hurricane,Payback,Sunny Day,Leaf Blade,Absorb,Astonish,Beat Up,Explosion,Extrasensory,Fake Out,Growth,Harden,Mega Drain,Razor Leaf,Rollout,Sucker Punch,Swagger,Synthesis,Tackle,Torment,Whirlwind,,,,,,,,,Grass,Dark
Taillow,190,103,58,58,58,157,Growl,Peck,Focus Energy,Quick Attack,Wing Attack,Double Team,Aerial Ace,Quick Guard,Agility,Air Slash,Endeavor,Brave Bird,Reversal,,,,,,,,,,,,,,,,,,Normal,Flying
Swellow,230,157,112,139,94,229,Air Slash,Brave Bird,Focus Energy,Growl,Peck,Pluck,Quick Attack,Focus Energy,Quick Attack,Wing Attack,Double Team,Aerial Ace,Quick Guard,Agility,Air Slash,Endeavor,Brave Bird,Reversal,,,,,,,,,,,,,Normal,Flying
Wingull,190,58,58,103,58,157,Growl,Water Gun,Quick Attack,Supersonic,Wing Attack,Water Pulse,Agility,Air Slash,Mist,Roost,Hurricane,,,,,,,,,,,,,,,,,,,,Water,Flying
Pelipper,230,94,184,175,130,121,Agility,Air Slash,Growl,Protect,Quick Attack,Soak,Supersonic,Tailwind,Water Gun,Wing Attack,Water Pulse,Spit Up,Stockpile,Swallow,Fling,Mist,Roost,Hurricane,Hydro Pump,,,,,,,,,,,,Water,Flying
Ralts,166,49,49,85,67,76,Disarming Voice,Growl,Double Team,Confusion,Hypnosis,Draining Kiss,Teleport,Psybeam,Life Dew,Charm,Calm Mind,Psychic,Heal Pulse,Dream Eater,Future Sight,,,,,,,,,,,,,,,,Psychic,Fairy
Kirlia,186,67,67,121,103,94,Confusion,Disarming Voice,Double Team,Growl,Hypnosis,Draining Kiss,Teleport,Psybeam,Life Dew,Charm,Calm Mind,Psychic,Heal Pulse,Dream Eater,Future Sight,,,,,,,,,,,,,,,,Psychic,Fairy
Gardevoir,246,121,121,229,211,148,Charm,Confusion,Disarming Voice,Double Team,Growl,Heal Pulse,Healing Wish,Misty Terrain,Mystical Fire,Hypnosis,Draining Kiss,Teleport,Psybeam,Life Dew,Wish,Calm Mind,Psychic,Moonblast,Dream Eater,Future Sight,Dazzling Gleam,,,,,,,,,,Psychic,Fairy
Surskit,190,58,62,94,98,121,Water Gun,Quick Attack,Sweet Scent,Soak,Bubble Beam,Agility,Haze,Mist,Baton Pass,Sticky Web,,,,,,,,,,,,,,,,,,,,,Bug,Water
Masquerain,250,112,116,184,152,148,Quick Attack,Soak,Sweet Scent,Water Gun,Whirlwind,Gust,Air Cutter,Scary Face,Air Slash,Giga Drain,Bug Buzz,Quiver Dance,,,,,,,,,,,,,,,,,,,Bug,Flying
Shroomish,230,76,112,76,112,67,Absorb,Tackle,Stun Spore,Leech Seed,Mega Drain,Headbutt,Poison Powder,Giga Drain,Growth,Toxic,Seed Bomb,Spore,,,,,,,,,,,,,,,,,,,Grass,
Breloom,230,238,148,112,112,130,Absorb,Growth,Leech Seed,Posion Powder,Stun Spore,Tackle,Toxic,Mega Drain,Headbutt,Feint,Counter,Force Palm,Worry Seed,Brick Break,Seed Bomb,Dynamic Punch,Focus Punch,Mach Punch,,,,,,,,,,,,,Grass,Fighting
Slakoth,230,112,112,67,67,58,Scratch,Yawn,Encore,Slack Off,Headbutt,Amnesia,Covet,Throat Chop,Counter,Flail,Play Rough,,,,,,,,,,,,,,,,,,,,Normal,
Vigoroth,270,148,148,103,103,166,Encore,Focus Energy,Scratch,Uproar,Fury Swipes,Endure,Slash,Throat Chop,Couter,Focus Punch,Reversal,,,,,,,,,,,,,,,,,,,,Normal,
Slaking,410,292,184,175,121,184,Encore,Scratch,Slack Off,Sucker Punch,Yawn,Amnesia,Covet,Throat Chop,Counter,Flail,Fling,Mega Kick,Hammer Arm,Swagger,,,,,,,,,,,,,,,,,Normal,
Nincada,172,85,166,58,58,76,Sand Attack,Scratch,Harden,False Swipe,Mud Slap,Absorb,Metal Claw,Fury Swipes,Mind Reader,Dig,,,,,,,,,,,,,,,,,,,,,Bug,Ground
Ninjask,232,166,85,94,94,292,Aerial Ace,Baton Pass,Dig,Double Team,False Swipe,Fury Cutter,Harden,Metal Claw,Mud Slap,Sand Attack,Scratch,Screech,Agility,Absorb,Bug Bite,Fury Swipes,Mind Reader,Slash,Sword Dance,X Scissor,,,,,,,,,,,Bug,Flying
Whismur,238,96,45,96,45,54,Astonish,Pound,Echoed,Voice,Howl,Rest,Sleep,Talk,Stomp,Roar,Supersonic,Uproar,Screech,Hyper Voice,,,,,,,,,,,,,,,,,Normal,
Loudred,278,132,81,132,81,90,Astonish,Bite,Echoed Voice,Howl,Pound,rest,Sleep Talk,Stomp,Roar,Supersonic,Uproar,Screech,Hyper Voice,Bite,,,,,,,,,,,,,,,,,Normal,
Exploud,318,168,117,168,135,126,Astonish,Bite,Crunch,Echoed Voice,Fire Fang,Howl,Ice Fang,Pound,Thunder Fang,Rest,Sleep Talk,Stomp,Roar,Supersonic,Uproar,Screech,Hyper Voice,Boomburst,Hyper Beam,,,,,,,,,,,,Normal,
Makuhita,254,112,58,40,58,49,Focus Energy,Tackle,Sand Attack,Arm Thrust,Fake Out,Force Palm,Whirlwind,Knock Off,Bulk Up,Belly Drum,Betect,Seismic Toss,Focus Punch,Endure,CloseCombat,Reversal,Heavy Slam,,,,,,,,,,,,,,Fighting,
Hariyama,398,220,112,76,112,94,Arm Thrust,Brine,Focus Energy,Sand Attack,Tackle,Fake Out,Force Palm,Whirlwind,Knock Off,Bulk Up,Belly Drum,Detect,Seiemic Toss,Focus Punch,Endure,Close Combat,Reversal,Heavy Slam,Headlong Rush,,,,,,,,,,,,Fighting,
Azurill,210,40,76,40,76,40,Splash,Tail Whip,Water Gun,Helping Hand,Bubble Beam,Charm,Slam,Bounce,Aqua Jet,Draining Kiss,,,,,,,,,,,,,,,,,,,,,Normal,Fairy
Nosepass,170,85,247,85,166,58,Tackle,Harden,Block,Rock Throw,Thunder Wave,Rest,Spark,Rock Slide,Power Gem,Rock Blast,Discharge,Sandstorm,Earth Power,Stone Edge,Lock On,Zap Cannon,,,,,,,,,,,,,,,Rock,
Skitty,210,85,85,67,67,94,Fake Out,Growl,Tail Whip,Tackl,Sing,Attract,Disarming Voice,Fury Swipes,Copycat,Payback,Charm,Faccade,Covet,Heal Bell,Double Edge,Baby Doll Eyes,Play Rough,,,,,,,,,,,,,,Normal,
Delcatty,250,121,121,103,103,166,Attract,Baby Doll Eyes,Charm,Copycat,Covet,Disarming Voice,Double Edge,Facade,Fake Out,Fury Swipes,Growl,Heal Bell,Payback,Play Rough,Sing,Tackle,Tail Whip,,,,,,,,,,,,,,Normal,
Sableye,210,139,139,121,121,94,Leer,Scratch,Astonish,Shadow Sneak,Fake Out,Disable,Detect,Night Shade,Fury Swipes,Knock Off,Quash,Shadow Claw,Mean Look,Power Gem,Zen Headbutt,Shadow Ball,,,,,,,,,,,,,,,Dark,Ghost
Mawile,210,157,157,103,103,94,Astonish,Growl,Fairy Wind,Baton Pass,Bite,Spit Up,Stockpile,Swallow,Sucker Punch,Iron Defense,Crunch,Sweet Scent,Iron Head,Taunt,Fake Tears,Play Rough,,,,,,,,,,,,,,,Steel,Fairy
Aron,210,130,184,76,76,58,Harden,Tackle,Metal Claw,Rock Tomb,Roar,Headbutt,Protect,Rock Slide,Iron Head,Metal Sound,Take Down,Autotomize,Iron Tail,Iron Defense,Heavy Slam,Double Edge,Metal Burst,,,,,,,,,,,,,,Steel,Rock
Lairon,230,166,256,94,94,76,Harden,Metal Claw,Rock Tomb,Tackle,Roar,Headbutt,Porect,Rock Slide,Iron Head,Metal Sound,Take Down,autotomize,Iron Tail,Iron Defense,Heavy Slam,Double Edge,Metal Burst,,,,,,,,,,,,,,Steel,Rock
Aggron,250,202,328,112,112,94,Harden,Metal Claw,Rock Tomb,tackle,Roar,Headbutt,Protect,Rock Slide,Iron Head,Metal Sound,Take Down,Autotomize,Iron Tail,Iron Defense,Heavy Slam,Double Edge,Metal Burst,,,,,,,,,,,,,,Steel,Rock
Meditite,170,76,103,76,103,112,Confusion,Work Up,Detect,Endure,Feint,Force Palm,Psybeam,Calm Mind,Zen Headbutt,High Jump Kick,Psych Up,Acupressure,Power Trick,Reversal,Counter,,,,,,,,,,,,,,,,Fighting,Psychic
Medicham,230,112,139,112,139,148,Confusion,Detect,Fire Punch,Ice Punch,Thunder Punch,Work Up,Endure,Feint,Force Palm,Psybeam,Calm Mind,Zen Headbutt,High Jump Kick,Psych Up,Acupressure,Power Trick,Recover,Axe Kick,Counter,,,,,,,,,,,,Fighting,Psychic
Electrike,190,85,76,121,76,121,Tackle,Thunder Wave,Leer,Howl,Quick Attack,Shock Wave,Bite,Thunder Fang,Roar,Discharge,Charge,Wild Charge,Thunder,,,,,,,,,,,,,,,,,,Electric,
Manectric,250,139,112,193,112,193,Fire Fang,Howl,Leer,Tackle,Thunder Wave,Quick Attack,Shock Wave,Bite,Thunder Fang,Roar,Discharge,Charge,Wild Charge,Thunder,Electric Terrain,,,,,,,,,,,,,,,,Electric,
Plusle,230,94,76,157,139,175,Growl,Play Nice,Quick Attack,Thunder Wave,Helping Hand,Spark,Encore,Switcheroo,Swift,Electro Ball,Copycat,Charge,Discharge,Baton Pass,Agility,Last Resort,Thunder,Nasy Plot,Entrainment,Nuzzle,,,,,,,,,,,Electric,
Minun,230,76,94,139,157,175,Growl,Play Nice,Quick Attack,Thunder Wave,Helping Hand,Spark,Encore,Switcheroo,Swift,Electro Ball,Copycat,Charge,Discharge,Baton Pass,Agility,Last Resort,Thunder,Nasty Plot,Entrainment,Nuzzle,,,,,,,,,,,Electric,
Volbeat,240,136,139,89,157,157,Tackle,Double Team,Confuse Ray,Quick Attack,Struggle Bug,Moonlight,Tail Glow,Protect,Zen Headbutt,Helping Hand,Bug Buzz,Play Rough,Double Edge,Infestation,,,,,,,,,,,,,,,,,Bug,
Illumise,240,89,139,135,157,157,Play Nice,Tackle,Sweet Scent,Charm,Quick Attack,Struggle Bug,Moonlight,Wish,Encore,Flatter,Zen Headbutt,Helping Hand,Bug Buzz,Play Rough,Infestation,,,,,,,,,,,,,,,,Bug,
Roselia,210,112,85,194,148,121,Absorb,Growth,Poison Sting,Stun Spore,Worry Seed,Mega Drain,Leech Seed,Magical Leaf,Toxic Spikes,Sweet Scent,Giga Drain,Synthesis,Toxic,Petal Blizzard,Aromatherapy,Ingrain,Petal Dance,,,,,,,,,,,,,,Grass,Poison
Gulpin,250,81,99,81,99,76,Pound,Yawn,Poison Gas,Sludge,Amnesia,Acid Spray,Encore,Toxic,Spit Up,Stockpile,Swallow,Sludge Bomb,Gastro Acid,Belch,Pain Split,Gunk Shot,,,,,,,,,,,,,,,Poison,
Swalot,210,135,154,135,153,103,Gunk Shot,Poison Gas,Pound,Sludge,Yawn,Amnesia,Acid Spray,Encore,Toxic,Spit Up,Stockpile,Swallow,Sludge Bomb,Gastro Acid,Belch,Body Slam,,,,,,,,,,,,,,,Poison,
Carvanha,200,166,40,121,40,121,Aqua Jet,Leer,Poison Fang,Focus Energy,Scary Face,Bite,Ice Fang,Screech,Swagger,Crunch,Agility,Liquidatoin,Take Down,,,,,,,,,,,,,,,,,,Water,Dark
Sharpedo,250,220,76,175,76,175,Aqua JEt,Focus Energy,Leer,Night Slash,Poison Fang,Slash,Scary Face,Bite,Ice Fang,Screech,Swagger,Crunch,Agility,Liquidatoin,Take Down,Slash,,,,,,,,,,,,,,,Water,Dark
Wailmer,370,130,67,130,67,112,Splash,Growl,Astonish,Water Gun,Mist,Water Pulse,Heavy Slam,Brine,Whirlpool,Dive,Bounce,Body Slam,Rest,Amnesia,Hydro Pump,Water Spout,,,,,,,,,,,,,,,Water,
Wailord,450,166,85,166,85,112,Astonish,Growl,Noble Roar,Soak,Splash,Water Gun,Mist,Water Pulse,Heavy Slam,Brine,Whirlpool,Dive,Bounce,Body Slam,Rest,Amnesia,Hydro Pump,Water Spout,,,,,,,,,,,,,Water,
Numel,230,112,76,121,85,67,Growl,Tackle,Ember,Focus Energy,Bulldoze,Incinerate,Amnesia,Lava Plume,Earth Power,Curse,Take Down,Earthquake,Flamethrower,Double Edge,,,,,,,,,,,,,,,,,Fire,Ground
Camerupt,250,184,130,193,139,76,Ember,Eruption,Fissure,Focus Energy,Growl,Tackle,Bulldoze,Incinerate,Amnesia,Lava Plume,Earth Power,Curse,Take Down,Yawn,Earthquake,Rock Slide,,,,,,,,,,,,,,,Fire,Ground
Torkoal,250,157,256,157,130,40,Ember,Smog,Withdraw,Rapid Spin,Smokescreen,Clear Smog,Flame Wheel,Protect,Lava Plume,Body Slam,Iron Defense,Flamethrower,Curse,Heat Wave,Amnesia,Inferno,Shell Smash,Eruption,,,,,,,,,,,,,Fire,
Spoink,230,49,67,130,148,112,Splash,Confusion,Growl,Psybeam,Psych UP,Confuse Ray,Power Gem,Rest,Snore,Psyshock,Payback,Psychic,Bounce,,,,,,,,,,,,,,,,,,Psychic,
Grumpig,270,85,121,166,202,148,Belch,Confusion,Psybeam,Splash,Psych Up,Confuse Ray,Zen Headbutt,Power Gem,Rest,Snore,Psyshock,Payback,Psychic,Bounce,Teeter Dance,,,,,,,,,,,,,,,,Psychic,
Spinda,230,112,112,112,112,112,Tackle,Copycat,Teeter Dance,Psybaem,Hypnosis,Body Slam,Sucker Punch,Teeter Dance,Uproar,Psych Up,Double Edge,Flail,Thrash,,,,,,,,,,,,,,,,,,Normal,
Trapinch,200,184,85,85,85,22,Astonish,Sand Attack,Bite,Mud Slap,Sand Tomb,Bulldoze,Dig,Crunch,Sandstorm,Earth Power,Earthquake,Superpower,Fissure,,,,,,,,,,,,,,,,,,Ground,
Vibrava,210,130,94,94,94,130,Bite,Dig,Sand Attack,Mud Slap,Sand Tomb,Dragon Tail,Screech,Bug Buzz,Sandstorm,Earth Power,Earthquake,Uproar,Dragon Rush,Boomburst,Dragon Breath,,,,,,,,,,,,,,,,Ground,Dragon
Flygon,270,184,148,148,148,184,Bulldoze,Dragon Breath,Sand Attack,Supersonic,Mud Slap,Sand Tomb,Dragon Tail,Screech,Bug Buzz,Sandstorm,Earth Power,Earthquake,Uproar,Dragon Rush,Boomburst,Dragon Claw,Astonish,Bite,Crunch,Dig,Dragon Dance,Feint,Fissure,Superpower,,,,,,,Ground,Dragon
Cacnea,210,157,76,157,76,67,Leer,Poison Sting,Absorb,Growth,Leech Seed,Sand Attack,Bullet Seed,Power Trip,Ingrain,Payback,Spikes,Sucker Punch,Pin Missle,Energy Ball,Cotton Spore,Sandstorm,Destiny Bond,,,,,,,,,,,,,,Grass,
Cacturne,250,211,112,211,112,103,Absorb,Destiny Bond,Growth,Leer,Poison Sting,Leech Seed,Sand Attack,Bullet Seed,Power Trip,Ingrain,Payback,Spickes,Sucker Punch,Pin Missle,Energy Ball,Cotton Spore,Sandstorm,Spiky Shield,,,,,,,,,,,,,Grass,Dark
Swablu,200,76,112,76,129,94,Growl,Peck,Disarming Voice,Mist,Fury Attack,Round,Dragon Breath,Safeguard,Sing,Cotton Guard,Take Down,Moonblast,Perish Song,,,,,,,,,,,,,,,,,,Normal,Flying
Altaria,260,130,166,130,193,148,Disarming Voice,Growl,Mist,Peck,Pluck,Fury Attack,Round,Dragon Breath,Safeguard,Sing,Cotton Guard,Take Down,Moonblast,Perish Song,Sky Attack,Dragon Pulse,,,,,,,,,,,,,,,Dragon,Flying
Zangoose,256,211,112,112,112,166,Leer,Scratch,Quick Attack,Fury Cutter,Metal Claw,Hone Claws,Slash,Power trip,Crush claw,False Swipe,Switcheroo,Detect,X Scissor,Taunt,Swoards,Dance,Close Combat,Belly Drum,Counter,Curse,Disable,Double Hit,Double Kick,Feint,Final Gambit,Flail,Fury Swipes,Night Slash,Quick Guard,,Normal,
Seviper,256,184,112,184,112,121,Swagger,Wrap,Bite,Lick,Poison Tail,Feint,Screech,Glare,Poison Fang,Venoshock,Gastro Acid,Poison Jab,Haze,Crunch,Belch,Coil,Sludge Bomb,,,,,,,,,,,,,,Poison,
Lunatone,290,103,121,175,157,130,Confusion,Harden,Moonblast,Moonlight,Rock Throw,Tackle,Hypnosis,Rock Polish,Rock Slide,Psyshock,Cosmic Power,Psychic,Stone Edge,Futrue Sight,Magic Room,Explosion,,,,,,,,,,,,,,,Rock,Psychic
Solrock,290,175,157,103,121,130,Confusion,Flare Blitz,Harden,Morning Sun,Rock Throw,Tackle,Hypnosis,Rock Polish,Rock Slide,Zen Headbutt,Cosmic Power,Psychic,Stone Edge,Solar Beam,Wonder Room,Explosion,,,,,,,,,,,,,,,Rock,Psychic
Barboach,210,90,81,87,78,112,Mud Slap,Water Gun,Rest,Snore,Water Pulse,Amnesia,Aqua Tail,Muddy Water,Earthquake,Future Sight,Fissure,,,,,,,,,,,,,,,,,,,,Water,Ground
Whiscash,330,144,135,141,132,112,Blech,Mud Slap,rest,Snore,Tickle,Water Gun,Zen Headbutt,Water Pulse,Amnesia,Aqua Tail,Muddy Water,Earthquake,Future Sight,Fissure,Thrash,,,,,,,,,,,,,,,,Water,Ground
Corphish,196,148,121,94,67,67,Harden,Water Gun,Leer,Taunt ,Bubble Beam,Knock Off,Double Hit,Protect,Night Slash,Razor Shell,Swords Dance,Crunch,Crabhammer,Endeavor,Guillotine,,,,,,,,,,,,,,,,Water,
Crawdaunt,236,220,157,166,103,103,Harden,Leer,Taunt,Water Gun,Bubble Beam,Knock Off,Double Hit,Protect,Night Slash,Razor Shell,Swords Dance,Crunch,Crabhammer,Endeavor,Guillotine,Swift,,,,,,,,,,,,,,,Water,Dark
Baltoy,190,76,103,76,130,103,Harden,Mud Slap,Rapid Spin,Confusion,Rock Tomb,Power Trick,Psybeam,Ancient Power,Imprison,Csomic Power,Extrasensory,Earth Power,Self Destruct,Guard Split,Power Split,Sandstorm,Explosion,,,,,,,,,,,,,,Ground,Psychic
Claydol,230,130,193,130,220,139,Confusion,Harden,Hyper Beam,Mud Slap,Rapid Spin,Teleport,Rock Tomb,Power Trick,Psybeam,Ancient Power,Imprison,Cosmic Power,Extrasensory,Earth Power,Self Destruct,Guard Split,Power Split,Sandstorm,Explosion,Hyper Beam,,,,,,,,,,,Ground,Psychic
Lileep,242,78,143,114,161,45,Astonish,Wrap,Acid,Confuse Ray,Ingrain,Ancient Power,Mega Drain,Brine,Amnesia,Gastro Acid,Giga Drain,Spit Up,Stockpile,Swallow,Energy Ball,,,,,,,,,,,,,,,,Rock,Grass
Cradily,282,150,179,150,197,81,Acid,Astonish,Confuse Ray,Leech Seed,Wrap,Ingrain,Ancient Power,Mega Drain,Brine,Amnesia,Gastro Acid,Giga Drain ,Spit Up,Stockpile,Swallow,Energy Ball,,,,,,,,,,,,,,,Rock,Grass
Anorith,200,175,94,76,94,139,Fury Cutter,Harden,Water Gun,Smack Down,Metal Claw,Ancient Power,Bug Bite,Brine,Slash,Crush Claw,Rock Blast,Protect,X Scissor,,,,,,,,,,,,,,,,,,Rock,Bug
Armaldo,260,229,184,130,148,85,Fury Cutter,Harden,Smack Down,Water Gun,Metal Claw,Ancient Power,Bug Bite,Brine,Slash,Crush Claw,Rock Blast,Protect,X Scissor,,,,,,,,,,,,,,,,,,Rock,Bug
Feebas,150,31,40,22,103,148,Splash,Tackle,Flail,Dragon Breath,Water Pulse,Bounce,,,,,,,,,,,,,,,,,,,,,,,,,Water,
Milotic,300,112,146,174,229,150,Flail,Splash,Tackle,Water Gun,Wrap,Disarming Voice,Twister,Aqua Ring,Attract,Life Dew,Dragon Tail,Recover,Aqua Tail,Safeguard,Surf,Coil,Hydro Pump,Water Pulse,,,,,,,,,,,,,Water,
Castform,250,130,130,130,130,130,Tackle,Ember,Powder Snow,Water Gun,Headbutt,Hail,Rain Dance,Sunny Day,Weather Ball,Blizzard,Fire Blast,Hydro Pump,Hurricane,,,,,,,,,,,,,,,,,,Normal,
Kecleon,230,166,130,112,220,76,Astonish,Lick,Scratch,Tail Whip,Thier,Bind,Shadow Sneak,Feint,Fury Swipes,Disable,Psybeam,Ancient Power,Slash,Detect,Shadow Claw,Screech,Substitute,Sucker Punch,Foul Play,,,,,,,,,,,,Normal,
Shuppet,198,139,67,117,63,85,Astonish,Screech,Night Shade,Spite,Will O Wisp,Shadow Sneak,Hex,Curse,Shadow Ball,Role Play,Suker Punch,Trick,Phantom Force,,,,,,,,,,,,,,,,,,Ghost,
Banette,238,211,121,153,119,121,Night Shade,Screech,Spite,Will O Wisp,Shadow Sneak,Hex,Curse,Shadow Ball,Role Play,Sucker Punch,Trick,Phantom Force,Knock Off,,,,,,,,,,,,,,,,,,Ghost,
Duskull,150,76,166,58,166,49,Astonish,Leer,Disable,Shadow Sneak,Confuse Ray,Night Shade,Payback,Will O Wisp,Mean Look,Hex,Curse,Shadow Ball,Future Sight,,,,,,,,,,,,,,,,,,Ghost,
Dusclops,190,130,238,112,238,49,Astonish,Bind,Disable,Fire Punch,Gravity,Ice Punch,Leer,Shadow Sneak,Thunder Punch,Confuse Ray,Night Shade,Payback,Will O Wisp,Mean Look,Hex,Curse,Shadow Ball,Future Sight,Shadow Punch,,,,,,,,,,,,Ghost,
Tropius,308,126,152,134,161,96,Growth,Gust,Leaf Storm,Leer,Razor Leaf,Sweet Scent,Stomp,Magical Leaf,Whirlwind,Wide Guard,Air Slash,Body Slam ,Outrage,Synthesis,Solar Beam,,,,,,,,,,,,,,,,Grass,Flying
Chimecho,260,94,148,175,166,121,Astonish,Confusion,Growl,Healing Wish,Wrap,Yawn,Stored Power,Take Down,Extrasensory,Heal Bell,Uproar,Safeguard,Double Edge,Heal Pulse,,,,,,,,,,,,,,,,,Psychic,
Absol,240,238,112,139,112,139,Leer,Quick Attack,Double Team,Knock Off,Detect,Taunt,Slash,Night Slash,Focus Energy,Sucker Punch,Swords Dance,Future Sight,Perish Song,,,,,,,,,,,,,,,,,,Dark,
Wynaut,300,45,90,45,90,45,Amnesia,Charm,Counter,Destiny Bond,Encore,Mirror Coat,Safeguard,Splash,Tackle,Quick Attack,Bounce,Surf,,,,,,,,,,,,,,,,,,,Psychic,
Snorunt,210,94,94,94,94,94,Astonish,Headbutt,Powder Snow,Leer,Double Team,Ice Shard,Protect,Icy Wind,Frost Breath,Bite,Ice Fang,Snowscape,Weather Ball,Crunch,Blizzard,,,,,,,,,,,,,,,,Ice,
Glalie,270,148,148,148,148,148,Astonish,Double Team,Headbutt,Leef,Powder Snow,Sheer Cold,Ice Shard,Protect,Icy Wind,Frost Breath,Bite,Ice Fang,Snowscape,Weather Ball,Crunch,Blizzard,Freeze Dry,,,,,,,,,,,,,,Ice,
Spheal,250,76,94,103,94,49,Defense Curl,Rollout,Growl,Water Gun,Powder Snow,Rest,Snore,Brine,Aurora Beam,Encore,Body Slam,Surf,Blizzard,Hail,Sheer Cold,,,,,,,,,,,,,,,,Ice,Water
Sealeo,290,112,130,139,130,85,Defense Curl,Growl,Rollout,Swagger,Water Gun,Powder Snow,Rest,Snore,Brine,Aurora Beam,Encore,Body Slam,Surf,Blizzard,Hail,Sheer Cold,,,,,,,,,,,,,,,Ice,Water
Walrein,330,148,166,175,166,121,Crunch,Defense Curl,Growl,Ice Fang,Rollout,Swagger,Water Gun,Powder Snow,Rest,Snore,Brine,Aurora Beam,Encore,Body Slam,Surf,Blizzard,Hail,Sheer Cold,,,,,,,,,,,,,Ice,Water
Clamperl,180,119,157,137,103,62,Iron Defense,Water Gun,Whirlpool,Shell Smash,Body Slam,Muddy Water,Water Pulse,Waterfall,Scald,,,,,,,,,,,,,,,,,,,,,,Water,
Huntail,220,191,193,173,139,98,Bite,Iron Defense,Shell Smash,Water Gun,Whirlpool,Screech,Scary Face,Rain Dance,Water Pulse,Ice Fang,Brine,Sucker Punch,Dive,Baton Pass,Crunch,Aqua Tail,Coil,Hydro Pump,,,,,,,,,,,,,Water,
Gorebyss,220,155,193,209,139,98,Confusion,Iron Defense,Shell Smash,Water Gun,Whirlpool,Rain Dance,Agility,Draining Kiss,Water Pulse,Amnesia,Aqua Ring,Safeguard,Dive,Baton Pass,Psychic,Aqua Tail,Coil,Hydro Pump,,,,,,,,,,,,,Water,
Relicanth,310,166,238,85,121,103,Harden,Tackle,Water Gun,Ancient Power,Yawn,Dive,Take Down,Aqua Tail,Rest,Flail,Hydro Pump,Double edge,Head Smash,,,,,,,,,,,,,,,,,,Water,Rock
Luvdisc,196,58,103,76,121,179,Charm,Tackle,Water Gun,Agility,Wish,Water Pulse,Attract,Draining Kiss,Flail,Sweet Kiss,Take Down,Baby Doll Eyes,Aqua Ring,Soak,Hydro Pump,Safeguard,,,,,,,,,,,,,,,Water,
Bagon,200,139,112,76,58,94,Ember,Leer,Bite,Dragon Breath,Headbutt,Scary Face,Crunch,Dragon Claw,Zen Headbutt,Focus Energy,Flamethrower,Outrage,Double Edge,,,,,,,,,,,,,,,,,,Dragon,
Shelgon,240,175,194,112,94,94,Bite,Dragon Breath,Ember,Leer,Headbutt,Scary Face,Crunch,Dragon Claw,Zen Headbutt,Focus Energy,Flamethrower,Outrage,Double Edge,Protect,,,,,,,,,,,,,,,,,Dragon,
Salamence,300,247,148,202,148,184,Bite,Dragon Breath,Dragon Tail,Dual Wingbeat,Ember,Leet,Protect,Roost,Headbutt,Scary Face,Crunch,Dragon Claw,Zen Headbutt,Focus Energy,Flamethrower,Double Edge,Fly,,,,,,,,,,,,,,Dragon,Flying
Beldum,190,103,148,67,112,58,Tackle,Take Down,Zen Headbutt,Steel Beam,Tera Blast,Iron Head,Zen Headbutt,,,,,,,,,,,,,,,,,,,,,,,,Steel,Psychic
Metang,230,129,184,103,148,94,Bullet Punch,Hone Claws,Tackle,Zen Headbutt,Magnet Rise,Flsh Cannon ,Take Down,Psychic,Scary Face,Meteor Mash,Iron Defense,Agility,Hyper Beam,Confusion,Metal Claw,,,,,,,,,,,,,,,,Steel,Psychic
Metagross,270,247,238,175,166,130,Bullet Punch,Confusion,Metal Claw,Tackle,Zen Headbutt,Magnet Rise,Flash Cannon,Take Down,Psychic,Scary Face,Metero Mash,Iron Defense,Agility,Hyper Beam,Hammer Arm,,,,,,,,,,,,,,,,Steel,Psychic
Regirock,270,184,364,94,184,94,Charge Beam,Rock Throw,Bulldoze,Ancient Power,Stomp,Rock Slide,Curse,Iron Defense,Hammer Arm,Stone Edge,Superpower,Lock On,Zap Cannon,Hyper Beam,Explosion,,,,,,,,,,,,,,,,Rock,
Regice,270,94,184,184,264,94,Charge Beam,Icy Wind,Bulldoze,Ancient Power,Stomp,Ice Beam,Curse,Amnesia,Hammer Arm,Blizzard,Superpower,Lock On,Zap Cannon,Hyper Beam,Explosion,,,,,,,,,,,,,,,,Ice,
Registeel,270,139,274,139,274,94,Charge Beam,Metal Claw,Bulldoze,Ancient Power,Stomp,Flash Cannon,Iron Head,Curse,Amnesia,Iron Defense,Hammer Arm,Heavy Slam,Superpower,Lock On,Zap Cannon,Hyper Beam,Explosion,,,,,,,,,,,,,,Steel,
Latias,270,148,166,202,238,202,Charm,Stored Power,Helping Hand,Recover,Confusion,Tailwind,Dragon Breath,Wish,Mist Ball,Zen Headbutt,Dragon Pulse,Heal Pulse,Reflect Type,Psychic,Guard Split,Healing Wish,,,,,,,,,,,,,,,Dragon,Psychic
Latios,270,166,148,238,202,202,Dragon Dance,Stored Power,Helping Hand,Recover,Confusion,Tailwind,Dragon Breath,Ally Switch,Luster Purge,Zen Headbutt,Dragon Pulse,Heal Pulse,Simple Beam,Psychic,Power Split,Memento,,,,,,,,,,,,,,,Dragon,Psychic
Kyogre,310,184,166,274,256,166,Ancient Power,Body Slam,Origin Pulse,Scary Face,Water Pulse,Aqua Tail,Calm Mind,Muddy Water,Ice Beam,Sheer Cold,Aqua Ring,Hydro Pump,Double Edge,Water Spout,,,,,,,,,,,,,,,,,Water,
Groudon,310,274,256,184,166,166,Ancient Power,Lava Plume,Mud Shot,Precipice Blades,Scary Face,Earth Power,Bulk Up,Earthquake,Hammer Arm,Fissure,Rest,Fire Blast,Solar Beam,Eruption,,,,,,,,,,,,,,,,,Ground,
Rayquaza,320,274,166,274,166,175,Air Slash,Ancient Power,Dragon Ascent,Scary Face,Twister,Crunch,Dragon Dance,Exterme Speed,Dragon Pulse,Hyper Voice,Rest,Fly,Hurricane,Outrage,Hyper Beam,,,,,,,,,,,,,,,,Dragon,Flying
Jirachi,310,184,184,184,184,184,Confusion,Wish,Swift,Life Dew,Zen Headbutt,Gravity,Psychic,Meteor Mash,Healing Wish,Rest ,Future Sight,Double Edge,Cosmic Power,Last Resort,Doom Desire,,,,,,,,,,,,,,,,Steel,Psychic
Deoxys (Attack Form),210,328,40,328,40,274,Leer,Wrap,Night Shade,Teleport,Taunt,Psyshock,Psychic,Superpower,Skill Swap,Zen Headbutt,Cosmic Power,Zap Cannon,Pyscho Boost,Hyper Beam,,,,,,,,,,,,,,,,,,
Deoxys (Defense Forme,210,130,292,130,292,166,Leer,Wrap,Night Shade,Teleport,Knock Off,Spikes,Psychic,Protect,Skill Swap,Zen Headbutt,Amnesia,Iron Defense,Recover,Pycho Boost,Counter,Mirror Coat,,,,,,,,,,,,,,,,
Deoxys (Speed Form,210,175,166,175,166,328,Leer,Wrap,Night Shade,Double Team,Knock Off,Psyshock,Psychic,Swift,Skill Swap,Zen Headbutt,Agility,Recover,Psycho Boost,Extreme Speed,,,,,,,,,,,,,,,,,,
Deoxys(Normal Form),210,274,94,274,94,274,Leer,Wrap,Night Shade,Teleport,Knock Off,Psyshock,Psychic,Gravity,Skill Swap,Zen Headbutt,Cosmic,Power,Psycho Boost,Hyper Beam,,,,,,,,,,,,,,,,,Psychic,