Name,Type,Category,Power,Acc.,PP,Heal,Times Hit,First,Crit,Insta,Dodge,Flinch,Charge
Absorb,Grass,Special,20,100,25,0.5,1,FALSE,FALSE,FALSE,TRUE,FALSE,FALSE
Accelerock,Rock,Physical,40,100,20,0,1,TRUE,FALSE,FALSE,TRUE,FALSE,FALSE
Acid,Poison,Special,40,100,30,0,1,FALSE,FALSE,FALSE,TRUE,FALSE,FALSE
Acid Spray,Poison,Special,40,100,20,0,1,FALSE,FALSE,FALSE,TRUE,FALSE,FALSE
Acrobatics,Flying,Physical,55,100,15,0,1,FALSE,FALSE,FALSE,TRUE,FALSE,FALSE
Ariel Ace,Flying,Physical,60,100,20,0,1,FALSE,TRUE,FALSE,FALSE,FALSE,FALSE
Aeroblast,Flying,Special,100,95,5,0,1,FALSE,TRUE,FALSE,TRUE,FALSE,FALSE
Air Cutter,Flying,Special,60,95,25,0,1,FALSE,TRUE,FALSE,TRUE,FALSE,FALSE
Air Slash,Flying,Special,75,95,15,0,1,FALSE,FALSE,FALSE,TRUE,TRUE,FALSE
Alluring Voice,Fairy,Special,80,100,10,0,1,FALSE,FALSE,FALSE,TRUE,FALSE,FALSE
Anchor Shot,Steel,Physical,80,100,20,0,1,FALSE,FALSE,FALSE,TRUE,FALSE,FALSE
Ancient Power,Rock,Special,60,100,5,0,1,FALSE,FALSE,FALSE,TRUE,FALSE,FALSE
Apple Acid,Grass,Special,80,100,10,0,1,FALSE,FALSE,FALSE,TRUE,FALSE,FALSE
Aqua Cutter,Water,Physical,70,100,20,0,1,FALSE,TRUE,FALSE,TRUE,FALSE,FALSE
Aqau Jet,Water,Physical,40,100,20,0,1,TRUE,FALSE,FALSE,TRUE,FALSE,FALSE
Aqua Step,Water,Physical,80,100,10,0,1,FALSE,FALSE,FALSE,TRUE,FALSE,FALSE
Aqua Tail,Water,Physical,90,90,10,0,1,FALSE,FALSE,FALSE,TRUE,FALSE,FALSE
Arm Thrust,Fighting,Physical,15,100,20,0,5,FALSE,FALSE,FALSE,TRUE,FALSE,FALSE
Armor Cannon,Fire,Special,120,100,5,0,1,FALSE,FALSE,FALSE,TRUE,FALSE,FALSE
Assurance,Dark,Physical,60,100,10,0,1,FALSE,FALSE,FALSE,TRUE,FALSE,FALSE
Astonish,Ghost,Physical,30,100,15,0,1,FALSE,FALSE,FALSE,TRUE,FALSE,FALSE
Astral Barrage,Ghost,Special,120,100,5,0,1,FALSE,FALSE,FALSE,TRUE,FALSE,FALSE
Attack Order,Bug,Physical,90,100,15,0,1,FALSE,TRUE,FALSE,TRUE,FALSE,FALSE
Aura Sphere,Fighting,Special,80,100,20,0,1,FALSE,FALSE,FALSE,FALSE,FALSE,FALSE
Aura Wheel,Electric,Physical,110,100,10,0,1,FALSE,FALSE,FALSE,TRUE,FALSE,FALSE
Aurora Beam,Ice,Special,65,100,20,0,1,FALSE,FALSE,FALSE,TRUE,FALSE,FALSE
Avalanche,Ice,Physical,60,100,10,0,1,FALSE,FALSE,FALSE,TRUE,FALSE,FALSE
Axe Kick,Fighting,Physical,120,90,10,0,1,FALSE,FALSE,FALSE,TRUE,FALSE,FALSE
Baddy Bad,Dark,Special,90,100,15,0,1,FALSE,FALSE,FALSE,TRUE,FALSE,FALSE
Barb Barrage,Poison,Physical,60,100,10,0,1,FALSE,FALSE,FALSE,TRUE,FALSE,FALSE
Barrage,Normal,Physical,15,85,20,0,5,FALSE,FALSE,FALSE,TRUE,FALSE,FALSE
Beak Blast,Flying,Physical,100,1,15,0,1,FALSE,FALSE,FALSE,TRUE,FALSE,FALSE
Behemoth Bash ,Steel,Physical,100,1,5,0,1,FALSE,FALSE,FALSE,TRUE,FALSE,FALSE
Behemoth Blade,Steel,Physical,100,1,5,0,1,FALSE,FALSE,FALSE,TRUE,FALSE,FALSE
Belch,Poison,Special,120,90,10,0,1,FALSE,FALSE,FALSE,TRUE,FALSE,FALSE
Bind,Normal,Physical,150,85,20,0,5,FALSE,FALSE,FALSE,TRUE,FALSE,FALSE
Bite,Dark,Physical,60,100,25,0,1,FALSE,FALSE,FALSE,TRUE,TRUE,FALSE
Bitter Blade,Fire,Physical,90,100,10,0.5,1,FALSE,FALSE,FALSE,TRUE,FALSE,FALSE
Bitter Malice,Ghost,Special,75,100,10,0,1,FALSE,FALSE,FALSE,TRUE,FALSE,FALSE
Blast Burn,Fire,Special,150,90,5,0,1,FALSE,FALSE,FALSE,TRUE,FALSE,TRUE
Blaze Kick,Fire,Physical,85,90,10,0,1,FALSE,TRUE,FALSE,TRUE,FALSE,FALSE
Blazing Torque,Fire,Physical,80,100,10,0,1,FALSE,FALSE,FALSE,TRUE,FALSE,FALSE
Bleakwind Storm,Flying,Special,80,80,10,0,1,FALSE,FALSE,FALSE,TRUE,FALSE,FALSE
Blizzard,Ice,Special,110,70,5,0,1,FALSE,FALSE,FALSE,TRUE,FALSE,FALSE
Blue Flare,Fire,Special,130,0.85,5,0,1,FALSE,FALSE,FALSE,TRUE,FALSE,FALSE
Body Press,Fighting,Physical,80,100,10,0,1,FALSE,FALSE,FALSE,TRUE,FALSE,FALSE
Body Slam,Normal,Physical,85,100,15,0,1,FALSE,FALSE,FALSE,TRUE,FALSE,FALSE
Bolt Beak,Electric,Physical,85,100,10,0,1,FALSE,FALSE,FALSE,TRUE,FALSE,FALSE
Bolt Strike,Electric,Physical,130,85,10,0,1,FALSE,FALSE,FALSE,TRUE,FALSE,FALSE
Bone Club,Ground,Physical,65,85,10,0,1,FALSE,FALSE,FALSE,TRUE,TRUE,FALSE
Bone Rush,Ground,Physical,25,90,10,0,5,FALSE,FALSE,FALSE,TRUE,FALSE,FALSE
Bonemerang,Ground,Physical,50,90,10,0,2,FALSE,FALSE,FALSE,TRUE,FALSE,FALSE
Boomburst,Normal,Special,140,100,10,0,1,FALSE,FALSE,FALSE,TRUE,FALSE,FALSE
Bounce,Flying,Physical,85,85,5,0,1,FALSE,FALSE,FALSE,TRUE,FALSE,FALSE
Bouncy Bubble,Water,Special,90,100,15,0.5,1,FALSE,FALSE,FALSE,TRUE,FALSE,FALSE
Branch Poke,Grass,Physical,40,100,40,0,1,FALSE,FALSE,FALSE,TRUE,FALSE,FALSE
Brave Bird,Flying,Physical,120,100,15,0,1,FALSE,FALSE,FALSE,TRUE,FALSE,FALSE
Breaking Swipe,Dragon,Physical,60,100,15,0,1,FALSE,FALSE,FALSE,TRUE,FALSE,FALSE
Brick Break,Fighting,Physical,75,100,15,0,1,FALSE,FALSE,FALSE,TRUE,FALSE,FALSE
Brine,Water,Special,65,100,10,0,1,FALSE,FALSE,FALSE,TRUE,FALSE,FALSE
Brutal Swing,Dark,Physical,60,100,20,0,1,FALSE,FALSE,FALSE,TRUE,FALSE,FALSE
Bubble,Water,Special,40,100,30,0,1,FALSE,FALSE,FALSE,TRUE,FALSE,FALSE
Bubble Beam,Water,Special,65,100,20,0,1,FALSE,FALSE,FALSE,TRUE,FALSE,FALSE
Bug Bite,Bug,Physical,60,100,20,0,1,FALSE,FALSE,FALSE,TRUE,FALSE,FALSE
Bug Buzz,Bug,Special,90,100,10,0,1,FALSE,FALSE,FALSE,TRUE,FALSE,FALSE
Bulldoze,Ground,Physical,60,100,20,0,1,FALSE,FALSE,FALSE,TRUE,FALSE,FALSE
Bullet Punch,Steel,Physical,40,100,30,0,1,TRUE,FALSE,FALSE,TRUE,FALSE,FALSE
Bullet Seed,Grass,Physical,25,100,30,0,5,FALSE,FALSE,FALSE,TRUE,FALSE,FALSE
Burn Up,Fire,Special,130,100,5,0,1,FALSE,FALSE,FALSE,TRUE,FALSE,FALSE
Burning Jealousy,Fire,Special,70,100,10,0,1,FALSE,FALSE,FALSE,TRUE,FALSE,FALSE
Buzzy Buzz,Electric,Special,90,100,15,0,1,FALSE,FALSE,FALSE,TRUE,FALSE,FALSE
Ceaseless Edge,Dark,Physical,65,90,15,0,1,FALSE,TRUE,FALSE,TRUE,FALSE,FALSE
Charge Beam,Electric,Special,50,90,10,0,1,FALSE,FALSE,FALSE,TRUE,FALSE,FALSE
Chatter,Flying,Special,65,100,20,0,1,FALSE,FALSE,FALSE,TRUE,FALSE,FALSE
Chilling Water,Water,Special,50,100,20,0,1,FALSE,FALSE,FALSE,TRUE,FALSE,FALSE
Chip Away,Normal,Physical,70,100,20,0,1,FALSE,FALSE,FALSE,TRUE,FALSE,FALSE
Chloroblast,Grass,Special,150,95,5,-0.1,1,FALSE,FALSE,FALSE,TRUE,FALSE,FALSE
Circle Throw,Fighting,Physical,60,90,10,0,1,FALSE,FALSE,FALSE,TRUE,FALSE,FALSE
Clamp,Water,Physical,35,85,15,0,1,FALSE,FALSE,FALSE,TRUE,FALSE,FALSE
Claning Scales,Dragon,Special,110,100,5,0,1,FALSE,FALSE,FALSE,TRUE,FALSE,FALSE
Clear Smog,Poison,Special,50,100,15,0,1,FALSE,FALSE,FALSE,FALSE,FALSE,FALSE
Close Combat,Fighting,Physical,120,100,5,0,1,FALSE,FALSE,FALSE,TRUE,FALSE,FALSE
Collision Course,Fighting,Physical,100,100,5,0,1,FALSE,FALSE,FALSE,TRUE,FALSE,FALSE
Combat Torque,Fighting,Physical,100,1,10,0,1,FALSE,FALSE,FALSE,TRUE,FALSE,FALSE
Comet Punch,Normal,Physical,18,85,15,0,5,FALSE,FALSE,FALSE,TRUE,FALSE,FALSE
Comeuppance,Dark,Physical,1,100,10,0,1,FALSE,FALSE,FALSE,TRUE,FALSE,FALSE
Confusion,Phychic,Special,50,100,25,0,1,FALSE,FALSE,FALSE,TRUE,FALSE,FALSE
Constrict,Normal,Physical,10,100,35,0,1,FALSE,FALSE,FALSE,TRUE,FALSE,FALSE
Core Enforcer,Dragon,Special,100,100,10,0,1,FALSE,FALSE,FALSE,TRUE,FALSE,FALSE
Covet,Normal,Physical,60,100,25,0,1,FALSE,FALSE,FALSE,TRUE,FALSE,FALSE
Crabhammer,Water,Physical,100,0.9,10,0,1,FALSE,TRUE,FALSE,TRUE,FALSE,FALSE
Cross Chop,Fighting,Physical,100,0.8,5,0,1,FALSE,TRUE,FALSE,TRUE,FALSE,FALSE
Cross Poison,Poison,Physical,70,100,20,0,1,FALSE,TRUE,FALSE,TRUE,FALSE,FALSE
Crunch,Dark,Physical,80,100,15,0,1,FALSE,FALSE,FALSE,TRUE,FALSE,FALSE
Crush Claw,Normal,Physical,75,95,10,0,1,FALSE,FALSE,FALSE,TRUE,FALSE,FALSE
Dark Pulse,Dark,Special,80,100,15,0,1,FALSE,FALSE,FALSE,TRUE,TRUE,FALSE
Darkest Lariat,Dark,Physical,85,100,10,0,1,FALSE,FALSE,FALSE,TRUE,FALSE,FALSE
Dazziling Gleam,Fairy,Special,80,100,10,0,1,FALSE,FALSE,FALSE,TRUE,FALSE,FALSE
Diamond Storm,Rock,Physical,100,0.95,5,0,1,FALSE,FALSE,FALSE,TRUE,FALSE,FALSE
Dig,Ground,Physical,80,100,10,0,1,FALSE,FALSE,FALSE,TRUE,FALSE,FALSE
Dire Claw,Posion,Physical,80,100,15,0,1,FALSE,TRUE,FALSE,TRUE,FALSE,FALSE
Disarming Voice,Fairy,Special,40,100,15,0,1,FALSE,FALSE,FALSE,FALSE,FALSE,FALSE
Discharge,Electric,Special,80,100,15,0,1,FALSE,FALSE,FALSE,TRUE,FALSE,FALSE
Dive,Water,Physical,80,100,10,0,1,FALSE,FALSE,FALSE,TRUE,FALSE,FALSE
Dizzy Punch,Normal,Physical,70,100,10,0,1,FALSE,FALSE,FALSE,TRUE,FALSE,FALSE
Doom Desire,Steel,Special,140,100,5,0,1,FALSE,FALSE,FALSE,TRUE,FALSE,TRUE
Double Hit,Normal,Physical,35,90,10,0,2,FALSE,FALSE,FALSE,TRUE,FALSE,FALSE
Double Iron Bash,Steel,Physical,60,100,5,0,2,FALSE,FALSE,FALSE,TRUE,TRUE,FALSE
Double Kick,Fighting,Physical,30,100,30,0,2,FALSE,FALSE,FALSE,TRUE,FALSE,FALSE
Doube Shock,Electric,Physical,120,100,5,-0.1,1,FALSE,FALSE,FALSE,TRUE,FALSE,FALSE
Double Slap,Normal,Physical,15,85,10,0,5,FALSE,FALSE,FALSE,TRUE,FALSE,FALSE
Double Edge,Normal,Physical,120,100,15,-0.1,1,FALSE,FALSE,FALSE,TRUE,FALSE,FALSE
Draco Meteor,Dragon,Special,130,90,5,0,1,FALSE,FALSE,FALSE,TRUE,FALSE,FALSE
Dragon Ascent,Flying,Physical,120,100,5,0,1,FALSE,FALSE,FALSE,TRUE,FALSE,FALSE
Dragon Breath,Dragon,Special,60,100,20,0,1,FALSE,FALSE,FALSE,TRUE,FALSE,FALSE
Dragon Claw,Dragon,Physical,80,100,15,0,1,FALSE,FALSE,FALSE,TRUE,FALSE,FALSE
Dragon Darts,Dragon,Physical,50,100,10,0,2,FALSE,FALSE,FALSE,TRUE,FALSE,FALSE
Dragon Energy,Dragon,Special,150,100,5,0,1,FALSE,FALSE,FALSE,TRUE,FALSE,FALSE
Dragon Hammer,Dragon,Physical,90,100,15,0,1,FALSE,FALSE,FALSE,TRUE,FALSE,FALSE
Dragon Pulse,Dragon,Special,85,100,10,0,1,FALSE,FALSE,FALSE,TRUE,FALSE,FALSE
Dragon Rage,Dragon,Special,0,100,10,0,1,FALSE,FALSE,FALSE,TRUE,FALSE,FALSE
Dragon Rush,Dragon,Physical,100,75,10,0,1,FALSE,FALSE,FALSE,TRUE,TRUE,FALSE
Dragon Tail,Dragon,Physical,60,90,10,0,1,FALSE,FALSE,FALSE,TRUE,FALSE,FALSE
Drain Punch,Fighting,Physical,75,100,10,0.5,1,FALSE,FALSE,FALSE,TRUE,FALSE,FALSE
Draining Kiss,Fairy,Special,50,100,10,0.5,1,FALSE,FALSE,FALSE,TRUE,FALSE,FALSE
Drill Peck,Flying,Physical,80,100,20,0,1,FALSE,FALSE,FALSE,TRUE,FALSE,FALSE
Drill Run,Ground,Physical,80,95,10,0,1,FALSE,TRUE,FALSE,TRUE,FALSE,FALSE
Drum Beating,Grass,Physical,80,100,15,0,1,FALSE,FALSE,FALSE,TRUE,FALSE,FALSE
Dual Chop,Dragon,Physical,40,90,15,0,2,FALSE,FALSE,FALSE,TRUE,FALSE,FALSE
Dual Wingbeat,Flying,Physical,40,90,10,0,2,FALSE,FALSE,FALSE,TRUE,FALSE,FALSE
Earth Power,Ground,Special,90,100,10,0,1,FALSE,FALSE,FALSE,TRUE,FALSE,FALSE
Earthquake,Ground,Physical,100,100,10,0,1,FALSE,FALSE,FALSE,TRUE,FALSE,FALSE
Echoed Voice,Normal,Special,40,100,15,0,1,FALSE,FALSE,FALSE,TRUE,FALSE,FALSE
Eerie Spell,Psychic,Special,80,100,5,0,1,FALSE,FALSE,FALSE,TRUE,FALSE,FALSE
Egg Bomb,Normal,Physical,100,75,10,0,1,FALSE,FALSE,FALSE,TRUE,FALSE,FALSE
Electro Ball,Electric,Special,50,100,10,0,1,FALSE,FALSE,FALSE,TRUE,FALSE,FALSE
Electro Drift,Electric,Special,100,100,5,0,1,FALSE,TRUE,FALSE,TRUE,FALSE,FALSE
Electro Shot,Electric,Special,130,100,10,0,1,FALSE,FALSE,FALSE,TRUE,FALSE,TRUE
Electroweb,Electric,Special,55,95,15,0,1,FALSE,FALSE,FALSE,TRUE,FALSE,FALSE
Ember,Fire,Special,40,100,25,0,1,FALSE,FALSE,FALSE,TRUE,FALSE,FALSE
Energy Ball,Grass,Special,90,100,10,0,1,FALSE,FALSE,FALSE,TRUE,FALSE,FALSE
Eruption,Fire,Special,150,100,5,0,1,FALSE,FALSE,FALSE,TRUE,FALSE,FALSE
Esper Wing,Psychic,Special,80,100,10,0,1,FALSE,TRUE,FALSE,TRUE,FALSE,FALSE
Eternabeam,Dragon,Special,160,90,5,0,1,FALSE,FALSE,FALSE,TRUE,FALSE,TRUE
Expanding Force,Psychic,Special,80,100,10,0,1,FALSE,FALSE,FALSE,TRUE,FALSE,FALSE
Explosion,Normal,Special,250,100,5,-9999999,1,FALSE,FALSE,FALSE,FALSE,FALSE,FALSE
Extrasensory,Phychic,Special,80,100,20,0,1,FALSE,FALSE,FALSE,TRUE,TRUE,FALSE
Extreme Speed,Normal,Physical,80,100,5,0,1,TRUE,FALSE,FALSE,TRUE,FALSE,FALSE
Facade,Normal,Physical,70,100,20,0,1,FALSE,FALSE,FALSE,TRUE,FALSE,FALSE
Fairy Wind,Fairy,Special,40,100,30,0,1,FALSE,FALSE,FALSE,TRUE,FALSE,FALSE
Fake Out,Normal,Physical,40,100,10,0,1,TRUE,FALSE,FALSE,TRUE,TRUE,FALSE
False Surrender,Dark,Physical,80,100,10,0,1,FALSE,FALSE,FALSE,TRUE,FALSE,FALSE
False Swipe,Normal,Physical,40,100,40,0,1,FALSE,FALSE,FALSE,TRUE,FALSE,FALSE
Feint Attack,Dark,Physical,60,100,20,0,1,FALSE,FALSE,FALSE,FALSE,FALSE,FALSE
Fell Stinger,Bug,Physical,50,100,25,0,1,FALSE,FALSE,FALSE,TRUE,FALSE,FALSE
Fickle Beam,Dragon,Special,80,100,5,0,1,FALSE,FALSE,FALSE,TRUE,FALSE,FALSE
Fiery Dance,Fire,Special,80,100,10,0,1,FALSE,FALSE,FALSE,TRUE,FALSE,FALSE
Fiery Wrath,Dark,Special,90,100,10,0,1,FALSE,FALSE,FALSE,TRUE,TRUE,FALSE
Fire Blast,Fire,Special,110,85,5,0,1,FALSE,FALSE,FALSE,TRUE,FALSE,FALSE
Fire Fang,Fire,Special,65,95,15,0,1,FALSE,FALSE,FALSE,TRUE,TRUE,FALSE
Fire Lash,Fire,Physical,80,100,15,0,1,FALSE,FALSE,FALSE,TRUE,FALSE,FALSE
Fire Pledge,Fire,Special,80,100,10,0,1,FALSE,FALSE,FALSE,TRUE,FALSE,FALSE
Fire Punch,Fire,Physical,75,100,15,0,1,FALSE,FALSE,FALSE,TRUE,FALSE,FALSE
Fire Spin,Fire,Special,35,85,15,0,5,FALSE,FALSE,FALSE,TRUE,FALSE,FALSE
First Impression,Bug,Physical,90,100,1,0,1,FALSE,FALSE,FALSE,TRUE,FALSE,FALSE
Fishious Rend,Water,Physical,85,100,10,0,1,FALSE,FALSE,FALSE,TRUE,FALSE,FALSE
Fissure,Ground,Physical,0,30,5,0,1,FALSE,FALSE,TRUE,TRUE,FALSE,FALSE
Flail,Normal,Physical,50,100,15,0,1,FALSE,FALSE,FALSE,TRUE,FALSE,FALSE
Flame Burst,Fire,Special,70,100,15,0,1,FALSE,FALSE,FALSE,TRUE,FALSE,FALSE
Flame Charge,Fire,Physical,50,100,20,0,1,FALSE,FALSE,FALSE,TRUE,FALSE,FALSE
Flame Wheel,Fire,Physical,60,100,25,0,1,FALSE,FALSE,FALSE,TRUE,FALSE,FALSE
Flamethrower,Fire,Special,90,100,15,0,1,FALSE,FALSE,FALSE,TRUE,FALSE,FALSE
Flare Blitz,Fire,Physical,120,100,15,-0.1,1,FALSE,FALSE,FALSE,TRUE,FALSE,FALSE
Flash Cannon,Steel,Special,80,100,10,0,1,FALSE,FALSE,FALSE,TRUE,FALSE,FALSE
Fleur Cannon,Fairy,Special,130,90,5,0,1,FALSE,FALSE,FALSE,TRUE,FALSE,FALSE
Flip Turn,Water,Physical,60,100,20,0,1,FALSE,FALSE,FALSE,TRUE,FALSE,FALSE
Floaty Fall,Flying,Physical,90,95,15,0,1,FALSE,FALSE,FALSE,TRUE,TRUE,FALSE
Flower Trick,Grass,Physical,70,100,10,0,1,FALSE,TRUE,FALSE,FALSE,FALSE,FALSE
Fly,Flying,Physical,90,95,15,0,1,TRUE,FALSE,FALSE,TRUE,FALSE,FALSE
Flying Press,Fighting,Physical,100,95,10,0,1,FALSE,FALSE,FALSE,TRUE,FALSE,FALSE
Focus Blast,Fighting,Special,120,70,5,0,1,FALSE,FALSE,FALSE,TRUE,FALSE,FALSE
Force Palm,Fighting,Physical,60,100,10,0,1,FALSE,FALSE,FALSE,TRUE,FALSE,FALSE
Foul Play,Dark,Physical,95,100,15,0,1,FALSE,FALSE,FALSE,TRUE,FALSE,FALSE
Freeze Shock,Ice,Physical,140,90,5,0,1,FALSE,FALSE,FALSE,TRUE,FALSE,TRUE
Freeze Dry,Ice,Special,70,100,20,0,1,FALSE,FALSE,FALSE,TRUE,FALSE,FALSE
Freezing Glare,Psychic,Special,90,100,10,0,1,FALSE,FALSE,FALSE,TRUE,FALSE,FALSE
Freezy Frost,Ice,Special,90,100,15,0,1,FALSE,FALSE,FALSE,TRUE,FALSE,FALSE
Frenzy Plant,Grass,Special,150,90,5,0,1,FALSE,FALSE,FALSE,TRUE,FALSE,TRUE
Frost Breath,Ice,Special,60,90,10,0,1,FALSE,TRUE,FALSE,TRUE,FALSE,FALSE
Frustration,Normal,Physical,120,100,20,0,1,FALSE,FALSE,FALSE,TRUE,FALSE,FALSE
Fury Attack,Normal,Physical,15,85,20,0,5,FALSE,FALSE,FALSE,TRUE,FALSE,FALSE
Fury Cutter,Bug,Physical,50,95,20,0,1,FALSE,FALSE,FALSE,TRUE,FALSE,FALSE
Fury Swipes,Normal,Physical,18,80,15,0,5,FALSE,FALSE,FALSE,TRUE,FALSE,FALSE
Fusion Bolt,Electric,Physical,110,100,5,0,1,FALSE,FALSE,FALSE,TRUE,FALSE,FALSE
Fusion Fire,Fire,Special,110,100,5,0,1,FALSE,FALSE,FALSE,TRUE,FALSE,FALSE
Gear Grind,Steel,Physical,50,85,15,0,2,FALSE,FALSE,FALSE,TRUE,FALSE,FALSE
Giga Drain,Grass,Special,75,100,10,0.5,1,FALSE,FALSE,FALSE,TRUE,FALSE,FALSE
Giga Impact,Normal,Physical,150,90,5,0,1,FALSE,FALSE,FALSE,TRUE,FALSE,TRUE
Gigaton Hammer,Steel,Physical,180,100,5,0,1,FALSE,FALSE,FALSE,TRUE,FALSE,TRUE
Glacial Lance,Ice,Physical,120,100,5,0,1,FALSE,FALSE,FALSE,TRUE,FALSE,FALSE
Glaciate,Ice,Special,65,95,10,0,1,FALSE,FALSE,FALSE,TRUE,FALSE,FALSE
Glaive Rush,Dragon,Physical,110,100,5,0,1,FALSE,FALSE,FALSE,TRUE,FALSE,FALSE
Glitzy Glow,Psychic,Special,90,100,15,0,1,FALSE,FALSE,FALSE,TRUE,FALSE,FALSE
Grass Pledge,Grass,Special,80,100,10,0,1,FALSE,FALSE,FALSE,TRUE,FALSE,FALSE
Grassy Glide,Grass,Physical,60,100,20,0,1,FALSE,FALSE,FALSE,TRUE,FALSE,FALSE
Grav Apple,Grass,Physical,80,100,10,0,1,FALSE,FALSE,FALSE,TRUE,FALSE,FALSE
Guillotine,Normal,Physical,0,30,5,0,1,FALSE,FALSE,TRUE,TRUE,FALSE,FALSE
Gunk Shot,Poison,Physical,120,80,5,0,1,FALSE,FALSE,FALSE,TRUE,FALSE,FALSE
Gust,Flying,Special,40,100,35,0,1,FALSE,FALSE,FALSE,TRUE,FALSE,FALSE
Gyro Ball,Steel,Physical,60,100,5,0,1,FALSE,FALSE,FALSE,TRUE,FALSE,FALSE
Hammer Arm,Fighting,Physical,100,90,10,0,1,FALSE,FALSE,FALSE,TRUE,FALSE,FALSE
Head Charge,Normal,Physical,120,100,15,-0.1,1,FALSE,FALSE,FALSE,TRUE,FALSE,FALSE
Head Smash,Rock,Physical,150,80,5,-0.1,1,FALSE,FALSE,FALSE,TRUE,FALSE,FALSE
Headbutt,Normal,Physical,70,100,15,0,1,FALSE,FALSE,FALSE,TRUE,TRUE,FALSE
Headlong Rush,Ground,Physical,120,100,5,0,1,FALSE,FALSE,FALSE,TRUE,FALSE,FALSE
Heart Stamp,Psychic,Physical,60,100,25,0,1,FALSE,FALSE,FALSE,TRUE,TRUE,FALSE
Heat Crash,Fire,Physical,75,100,10,0,1,FALSE,FALSE,FALSE,TRUE,FALSE,FALSE
Heat Wave,Fire,Special,95,90,10,0,1,FALSE,FALSE,FALSE,TRUE,FALSE,FALSE
Heavy Slam,Steel,Physical,75,100,10,0,1,FALSE,FALSE,FALSE,TRUE,FALSE,FALSE
Hex,Ghost,Special,65,100,10,0,1,FALSE,FALSE,FALSE,TRUE,FALSE,FALSE
Hidden Power,Normal,Special,70,100,15,0,1,FALSE,FALSE,FALSE,TRUE,FALSE,FALSE
High Horsepower,Ground,Physical,95,95,10,0,1,FALSE,FALSE,FALSE,TRUE,FALSE,FALSE
High Jump Kick,Fighting,Physical,130,90,10,0,1,FALSE,FALSE,FALSE,TRUE,FALSE,FALSE
Hold Back,Normal,Physical,40,100,40,0,1,FALSE,FALSE,FALSE,TRUE,FALSE,FALSE
Horn Attack,Normal,Physical,65,100,25,0,1,FALSE,FALSE,FALSE,TRUE,FALSE,FALSE
Horn Drill,Normal,Physical,0,30,5,0,1,FALSE,FALSE,TRUE,TRUE,FALSE,FALSE
Horn Leech,Grass,Physical,75,100,10,0.5,1,FALSE,FALSE,FALSE,TRUE,FALSE,FALSE
Hurricane,Flying,Special,110,70,10,0,1,FALSE,FALSE,FALSE,TRUE,FALSE,FALSE
Hydro Cannon,Water,Special,150,90,5,0,1,FALSE,FALSE,FALSE,TRUE,FALSE,TRUE
Hydro Pump,Water,Special,110,80,5,0,1,FALSE,FALSE,FALSE,TRUE,FALSE,FALSE
Hydro Seam,Water,Special,80,100,15,0,1,FALSE,FALSE,FALSE,TRUE,FALSE,FALSE
Hyper Beam,Normal,Special,150,90,5,0,1,FALSE,FALSE,FALSE,TRUE,FALSE,TRUE
Hyper Drill,Normal,Physical,110,100,5,0,1,FALSE,FALSE,FALSE,TRUE,FALSE,FALSE
Hyper Fang,Normal,Physical,80,90,15,0,1,FALSE,FALSE,FALSE,TRUE,TRUE,FALSE
Hyper Voice,Normal,Special,90,100,10,0,1,FALSE,FALSE,FALSE,TRUE,FALSE,FALSE
Hyperspace Fury,Dark,Physical,100,100,5,0,1,FALSE,FALSE,FALSE,FALSE,FALSE,FALSE
Hyperspace Hole,Psychic,Special,80,100,5,0,1,FALSE,FALSE,FALSE,FALSE,FALSE,FALSE
Ice Ball,Ice,Physical,50,90,20,0,1,FALSE,FALSE,FALSE,TRUE,FALSE,FALSE
Ice Beam,Ice,Special,90,100,10,0,1,FALSE,FALSE,FALSE,TRUE,FALSE,FALSE
Ice Burn,Ice,Special,140,90,5,0,1,FALSE,FALSE,FALSE,TRUE,FALSE,TRUE
Ice Fang,Ice,Physical,65,95,15,0,1,FALSE,FALSE,FALSE,TRUE,TRUE,FALSE
Ice Hammer,Ice,Physical,100,90,10,0,1,FALSE,FALSE,FALSE,TRUE,FALSE,FALSE
Ice Punch,Ice,Physical,75,100,15,0,1,FALSE,FALSE,FALSE,TRUE,TRUE,FALSE
Ice Shard,Ice,Physical,40,100,30,0,1,TRUE,FALSE,FALSE,TRUE,FALSE,FALSE
Ice Spinner,Ice,Physical,80,100,30,0,1,FALSE,FALSE,FALSE,TRUE,FALSE,FALSE
Icicle Crash,Ice,Physical,85,90,10,0,1,FALSE,FALSE,FALSE,TRUE,TRUE,FALSE
Icicle Spear,Ice,Physical,25,100,30,0,5,FALSE,FALSE,FALSE,TRUE,FALSE,FALSE
Icy Wind,Ice,Special,55,95,15,0,1,FALSE,FALSE,FALSE,TRUE,FALSE,FALSE
Incinerate,Fire,Special,60,100,15,0,1,FALSE,FALSE,FALSE,TRUE,FALSE,FALSE
Infernal Parade,Ghost,Special,60,100,15,0,1,FALSE,FALSE,FALSE,TRUE,FALSE,FALSE
Inferno,Fire,Special,100,50,5,0,1,FALSE,FALSE,FALSE,TRUE,FALSE,FALSE
Infestation,Bug,Special,20,100,20,0,5,FALSE,FALSE,FALSE,TRUE,FALSE,FALSE
Iron Head,Steel,Physical,80,100,15,0,1,FALSE,FALSE,FALSE,TRUE,TRUE,FALSE
Iron Tail,steel,Physical,100,75,15,0,1,FALSE,FALSE,FALSE,TRUE,FALSE,FALSE
Jaw Lock,Dark,Physical,80,100,10,0,1,FALSE,FALSE,FALSE,TRUE,FALSE,FALSE
Jet Punch,Water,Physical,60,100,15,0,1,TRUE,FALSE,FALSE,TRUE,FALSE,FALSE
Judgement,Normal,Special,100,100,10,0,1,FALSE,FALSE,FALSE,TRUE,FALSE,FALSE
Jump Kick,Fighting,Physical,100,95,10,0,1,FALSE,FALSE,FALSE,TRUE,FALSE,FALSE
Karate Chop,Fighting,Physical,50,100,25,0,1,FALSE,TRUE,FALSE,TRUE,FALSE,FALSE
Knock Off,Dark,Physical,65,100,20,0,1,FALSE,FALSE,FALSE,TRUE,FALSE,FALSE
Kowtow Cleave,Dark,Physical,85,100,10,0,1,FALSE,FALSE,FALSE,FALSE,TRUE,FALSE
Land's Wrath,Ground,Physical,90,100,10,0,1,FALSE,FALSE,FALSE,TRUE,FALSE,FALSE
Lash Out,Dark,Physical,75,100,5,0,1,FALSE,FALSE,FALSE,TRUE,FALSE,FALSE
Last Respects,Ghost,Physical,50,100,10,0,1,FALSE,FALSE,FALSE,TRUE,FALSE,FALSE
Lava Plume,Fire,Special,80,100,15,0,1,FALSE,FALSE,FALSE,TRUE,FALSE,FALSE
Leaf Blade,Grass,Physical,90,100,15,0,1,FALSE,TRUE,FALSE,TRUE,FALSE,FALSE
Leaf Storm,Grass,Special,130,90,5,0,1,FALSE,FALSE,FALSE,TRUE,FALSE,FALSE
Leaf Tornado,Grass,Special,65,90,10,0,1,FALSE,FALSE,FALSE,TRUE,FALSE,FALSE
Leafage,Grass,Physical,40,100,40,0,1,FALSE,FALSE,FALSE,TRUE,FALSE,FALSE
Leech Life,Bug,Physical,80,100,10,0.5,1,FALSE,FALSE,FALSE,TRUE,FALSE,FALSE
Lick,Ghost,Physical,30,100,30,0,1,FALSE,FALSE,FALSE,TRUE,FALSE,FALSE
Light of Ruin,Fairy,Special,140,90,5,-0.1,1,FALSE,FALSE,FALSE,TRUE,FALSE,FALSE
Liquidation,Water,Physical,85,100,10,0,1,FALSE,FALSE,FALSE,TRUE,FALSE,FALSE
Low Kick,Fighting,Physical,70,100,20,0,1,FALSE,FALSE,FALSE,TRUE,FALSE,FALSE
Low Sweep,Fighting,Physical,65,100,20,0,1,FALSE,FALSE,FALSE,TRUE,FALSE,FALSE
Lumina Crash,Psychic,Special,80,100,10,0,1,FALSE,FALSE,FALSE,TRUE,FALSE,FALSE
Lunge,Bug,Physical,80,100,15,0,1,TRUE,FALSE,FALSE,TRUE,FALSE,FALSE
Luster Purge,Psychic,Special,70,100,5,0,1,FALSE,FALSE,FALSE,TRUE,FALSE,FALSE
Mach Punch,Fighting,Physical,40,100,30,0,1,TRUE,FALSE,FALSE,TRUE,FALSE,FALSE
Magical Leaf,Grass,Special,60,100,20,0,1,FALSE,FALSE,FALSE,FALSE,FALSE,FALSE
Magical Torque,Fairy,Physical,100,100,10,0,1,FALSE,FALSE,FALSE,TRUE,FALSE,FALSE
Magma Storm,Fire,Special,60,75,5,0,5,FALSE,FALSE,FALSE,TRUE,FALSE,FALSE
Magnet Bomb,Steel,Physical,60,100,20,0,1,FALSE,FALSE,FALSE,FALSE,FALSE,FALSE
Magnitude 7,Ground,Physical,70,100,30,0,1,FALSE,FALSE,FALSE,TRUE,FALSE,FALSE
Make it Rain,Steel,Special,120,100,5,0,1,FALSE,FALSE,FALSE,TRUE,FALSE,FALSE
Maligant Chain,Poison,Special,100,100,5,0,1,FALSE,FALSE,FALSE,TRUE,FALSE,FALSE
Mega Drain,Grass,Special,40,100,15,0.5,1,FALSE,FALSE,FALSE,TRUE,FALSE,FALSE
Mega Kick,Normal,Physical,120,75,5,0,1,FALSE,FALSE,FALSE,TRUE,FALSE,FALSE
Mega Punch,Normal,Physical,80,85,10,0,1,FALSE,FALSE,FALSE,TRUE,FALSE,FALSE
Megahorn,Bug,Physical,120,85,10,0,1,FALSE,FALSE,FALSE,TRUE,FALSE,FALSE
Metal Burst,Steel,Physical,120,100,10,0,1,FALSE,FALSE,FALSE,TRUE,FALSE,FALSE
Metal Claw,Steel,Steel,50,95,35,0,1,FALSE,FALSE,FALSE,TRUE,FALSE,FALSE
Meteor Assault,Fighting,Physical,150,100,5,0,1,FALSE,FALSE,FALSE,TRUE,FALSE,TRUE
Meteor Beam,Rock,Special,120,90,10,0,1,FALSE,FALSE,FALSE,TRUE,FALSE,TRUE
Meteor Mash,Steel,Physical,90,90,10,0,1,FALSE,FALSE,FALSE,TRUE,FALSE,FALSE
Might Cleave,Rock,Physical,95,100,5,0,1,FALSE,FALSE,FALSE,TRUE,FALSE,FALSE
Mind Blown,Fire,Special,150,100,5,-0.1,1,FALSE,FALSE,FALSE,TRUE,FALSE,FALSE
Mirror Shot,Steel,Special,65,85,10,0,1,FALSE,FALSE,FALSE,TRUE,FALSE,FALSE
Mist Ball,Psychic,Special,70,100,5,0,1,FALSE,FALSE,FALSE,TRUE,FALSE,FALSE
Misty Explosion,Fairy,Special,100,100,5,0,1,FALSE,FALSE,FALSE,TRUE,FALSE,FALSE
Moonblast,Fairy,Special,95,100,15,0,1,FALSE,FALSE,FALSE,TRUE,FALSE,FALSE
Moongeist Beam,Ghost,Special,100,100,5,0,1,FALSE,FALSE,FALSE,TRUE,FALSE,FALSE
Mortal Spin,Poison,Physical,30,100,15,0,1,FALSE,FALSE,FALSE,TRUE,FALSE,FALSE
Mountain Gale,Ice,Physical,100,85,10,0,1,FALSE,FALSE,FALSE,TRUE,FALSE,FALSE
Mud Bomb,Ground,Special,65,85,10,0,1,FALSE,FALSE,FALSE,TRUE,FALSE,FALSE
Mud Shot,Ground,Special,55,95,15,0,1,FALSE,FALSE,FALSE,TRUE,FALSE,FALSE
Mud Slap,Ground,Special,20,100,10,0,1,FALSE,FALSE,FALSE,TRUE,FALSE,FALSE
Muddy Water,Water,Special,90,85,10,0,1,FALSE,FALSE,FALSE,TRUE,FALSE,FALSE
Multi Attack,Normal,Physical,120,100,10,0,1,FALSE,FALSE,FALSE,TRUE,FALSE,FALSE
Mystical Fire,Fire,Special,75,100,10,0,1,FALSE,FALSE,FALSE,TRUE,FALSE,FALSE
Mystical Power,Psychic,Special,70,90,10,0,1,FALSE,FALSE,FALSE,TRUE,FALSE,FALSE
Needle Arm,Grass,Physical,60,100,15,0,1,FALSE,FALSE,FALSE,TRUE,TRUE,FALSE
Night Daze,Dark,Special,85,95,10,0,1,FALSE,FALSE,FALSE,TRUE,FALSE,FALSE
Night Shade,Ghost,Special,100,100,15,0,1,FALSE,FALSE,FALSE,TRUE,FALSE,FALSE
Night Slash,Dark,Physical,70,100,15,0,1,FALSE,TRUE,FALSE,TRUE,FALSE,FALSE
Noxious Torque,Poison,Physical,100,100,10,0,1,FALSE,FALSE,FALSE,TRUE,FALSE,FALSE
Nuzzle,Electric,Physical,20,100,20,0,1,FALSE,FALSE,FALSE,TRUE,FALSE,FALSE
Oblivion Wing ,Flying,Special,80,100,10,0.5,1,FALSE,FALSE,FALSE,TRUE,FALSE,FALSE
Octazooka,Water,Special,65,85,10,0,1,FALSE,FALSE,FALSE,TRUE,FALSE,FALSE
Ominous Wind,Ghost,Special,60,100,5,0,1,FALSE,FALSE,FALSE,TRUE,FALSE,FALSE
Order Up,Dragon,Physical,80,100,10,0,1,FALSE,FALSE,FALSE,TRUE,FALSE,FALSE
Origin Pulse,Water,Special,110,85,10,0,1,FALSE,FALSE,FALSE,TRUE,FALSE,FALSE
Outrage,Dragon,Physical,120,100,10,0,1,FALSE,FALSE,FALSE,TRUE,FALSE,FALSE
Overdrive,Electric,Special,80,100,10,0,1,FALSE,FALSE,FALSE,TRUE,FALSE,FALSE
Overheat,Fire,Special,130,90,5,0,1,FALSE,FALSE,FALSE,TRUE,FALSE,FALSE
Parabolic Charge,Electric,Special,65,100,20,0,1,FALSE,FALSE,FALSE,TRUE,FALSE,FALSE
Pay Day,Normal,Physical,40,100,20,0,1,FALSE,FALSE,FALSE,TRUE,FALSE,FALSE
Petal Blizzard,Grass,Physical,90,100,15,0,1,FALSE,FALSE,FALSE,TRUE,FALSE,FALSE
Petal Dance ,Grass,Special,120,100,10,0,1,FALSE,FALSE,FALSE,TRUE,FALSE,FALSE
Phantom Force,Ghost,Physical,90,100,10,0,1,TRUE,FALSE,FALSE,TRUE,FALSE,FALSE
Photon Geyser,Psychic,Special,100,100,10,0,1,FALSE,FALSE,FALSE,TRUE,FALSE,FALSE
Pika Papow,Electric,Special,100,100,20,0,1,FALSE,FALSE,FALSE,FALSE,FALSE,FALSE
Pin Missle,Bug,Physical,25,95,20,0,5,FALSE,FALSE,FALSE,TRUE,FALSE,FALSE
Plasma Fists,Electric,Physical,100,100,15,0,1,FALSE,FALSE,FALSE,TRUE,FALSE,FALSE
Play Rough,Fairy,Physical,90,90,10,0,1,FALSE,FALSE,FALSE,TRUE,FALSE,FALSE
Pluck,Flying,Physical,60,100,20,0,1,FALSE,FALSE,FALSE,TRUE,FALSE,FALSE
Poison Fang,Poison,Physical,50,100,15,0,1,FALSE,FALSE,FALSE,TRUE,FALSE,FALSE
Poison Jab,Poison,Physical,80,100,20,0,1,FALSE,FALSE,FALSE,TRUE,FALSE,FALSE
Poison Sting,Poison,Physical,15,100,35,0,1,FALSE,FALSE,FALSE,TRUE,FALSE,FALSE
Poison Tail,Poison,Physical,50,100,25,0,1,FALSE,TRUE,FALSE,TRUE,FALSE,FALSE
Pollen Puff,Bug,Special,90,100,15,0,1,FALSE,FALSE,FALSE,TRUE,FALSE,FALSE
Poltergeist,Ghost,Physical,110,90,5,0,1,FALSE,FALSE,FALSE,TRUE,FALSE,FALSE
Population Bomb,Normal,Physical,20,90,10,0,10,FALSE,FALSE,FALSE,TRUE,FALSE,FALSE
Pounce,Bug,Physical,50,100,20,0,1,FALSE,FALSE,FALSE,TRUE,FALSE,FALSE
Powder Snow,Ice,Special,40,100,25,0,1,FALSE,FALSE,FALSE,TRUE,FALSE,FALSE
Power Gem,Rock,Special,80,100,20,0,1,FALSE,FALSE,FALSE,TRUE,FALSE,FALSE
Power Trip,Dark,Physical,20,100,10,0,1,FALSE,FALSE,FALSE,TRUE,FALSE,FALSE
Power Whip,Grass,Physical,120,85,10,0,1,FALSE,FALSE,FALSE,TRUE,FALSE,FALSE
Power Up Punch,Fighting,Physical,40,100,20,0,1,FALSE,FALSE,FALSE,TRUE,FALSE,FALSE
Precipice Blades,Ground,Physical,120,85,10,0,1,FALSE,FALSE,FALSE,TRUE,FALSE,FALSE
Prismatic Laser,Psychic,Special,160,100,10,0,1,FALSE,FALSE,FALSE,TRUE,FALSE,TRUE
Psybeam,Psychic,Special,65,100,20,0,1,FALSE,FALSE,FALSE,TRUE,FALSE,FALSE
Psyblade,Psychic,Physical,80,100,15,0,1,FALSE,FALSE,FALSE,TRUE,FALSE,FALSE
Psychic(Move),Psychic,Special,90,100,10,0,1,FALSE,FALSE,FALSE,TRUE,FALSE,FALSE
Psychic Fangs,Psychic,Physical,85,100,10,0,1,FALSE,FALSE,FALSE,TRUE,FALSE,FALSE
Psychic Noise,Psychic,Special,75,100,10,0,1,FALSE,FALSE,FALSE,TRUE,FALSE,FALSE
Psycho Boost,Psychic,Special,140,90,5,0,1,FALSE,FALSE,FALSE,TRUE,FALSE,FALSE
Psycho Cut,Psychic,Physical,70,100,20,0,1,FALSE,TRUE,FALSE,TRUE,FALSE,FALSE
Psyshield Bash,Psychic,Physical,70,90,10,0,1,FALSE,FALSE,FALSE,TRUE,FALSE,FALSE
Psyshock,Psychic,Special,80,100,10,0,1,FALSE,FALSE,FALSE,TRUE,FALSE,FALSE
Psystrike,Pyschic,Special,100,100,10,0,1,FALSE,FALSE,FALSE,TRUE,FALSE,FALSE
Psywave,Pyschic,Special,150,100,15,0,1,FALSE,FALSE,FALSE,TRUE,FALSE,FALSE
Punishment,Dark,Physical,70,100,5,0,1,FALSE,FALSE,FALSE,TRUE,FALSE,FALSE
Pursuit,Dark,Physical,40,100,20,0,1,FALSE,FALSE,FALSE,TRUE,FALSE,FALSE
Pyro Ball,Fire,Physical,120,90,5,0,1,FALSE,FALSE,FALSE,TRUE,FALSE,FALSE
Quick Attack,Normal,Physical,40,100,30,0,1,TRUE,FALSE,FALSE,TRUE,FALSE,FALSE
Rage,Normal,Physical,20,100,20,0,1,FALSE,FALSE,FALSE,TRUE,FALSE,FALSE
Rage First,Ghost,Physical,50,100,10,0,1,FALSE,FALSE,FALSE,TRUE,FALSE,FALSE
Raging Bull,Normal,Physical,90,100,10,0,1,FALSE,FALSE,FALSE,TRUE,FALSE,FALSE
Raging Fury,Fire,Physical,120,100,10,0,1,FALSE,FALSE,FALSE,TRUE,FALSE,FALSE
Rapid Spin,Normal,Physical,50,100,40,0,1,FALSE,FALSE,FALSE,TRUE,FALSE,FALSE
Razor Leaf,Grass,Physical,55,95,25,0,1,FALSE,TRUE,FALSE,TRUE,FALSE,FALSE
Razor Shell,Water,Physical,75,95,10,0,1,FALSE,FALSE,FALSE,TRUE,FALSE,FALSE
Razor Wind,Normal,Special,80,100,10,0,1,FALSE,TRUE,FALSE,TRUE,FALSE,TRUE
Relic Song,Normal,Special,75,100,10,0,1,FALSE,FALSE,FALSE,TRUE,FALSE,FALSE
Retaliate,Normal,Physical,70,100,5,0,1,FALSE,FALSE,FALSE,TRUE,FALSE,FALSE
Revelation Dance,Noraml,Special,90,100,15,0,1,FALSE,FALSE,FALSE,TRUE,FALSE,FALSE
Revenge,Fighting,Physical,60,100,10,0,1,FALSE,FALSE,FALSE,TRUE,FALSE,FALSE
Reversal,Fighting,Physical,70,100,10,0,1,FALSE,FALSE,FALSE,TRUE,FALSE,FALSE
Rising Voltage,Electric,Special,70,100,10,0,1,FALSE,FALSE,FALSE,TRUE,FALSE,FALSE
Roar of Time,Dragon,Special,150,90,5,0,1,FALSE,FALSE,FALSE,TRUE,FALSE,TRUE
Rock Blast,Rock,Physical,25,90,10,0,5,FALSE,FALSE,FALSE,TRUE,FALSE,FALSE
Rock Climb,Normal,Physical,90,85,20,0,1,FALSE,FALSE,FALSE,TRUE,FALSE,FALSE
Rock Slide,Rock,Physical,75,90,10,0,1,FALSE,FALSE,FALSE,TRUE,TRUE,FALSE
Rock Smash,Fighting,Physical,40,100,15,0,1,FALSE,FALSE,FALSE,TRUE,FALSE,FALSE
Rock Throw,Rock,Physical,50,90,15,0,1,FALSE,FALSE,FALSE,TRUE,FALSE,FALSE
Rock Tomb,Rock,Physical,60,95,15,0,1,FALSE,FALSE,FALSE,TRUE,FALSE,FALSE
Rock Wrecker,Rock,Physical,150,90,5,0,1,FALSE,FALSE,FALSE,TRUE,FALSE,TRUE
Rolling Kick,Fighting,Physical,60,85,15,0,1,FALSE,FALSE,FALSE,TRUE,TRUE,FALSE
Rollout,Rock,Physical,50,90,20,0,1,FALSE,FALSE,FALSE,TRUE,FALSE,FALSE
Round,Normal,Special,60,100,15,0,1,FALSE,FALSE,FALSE,TRUE,FALSE,FALSE
Ruination,Dark,Special,70,90,10,0,1,FALSE,FALSE,FALSE,TRUE,FALSE,FALSE
Sacred Fire,Fire,Physical,100,95,5,0,1,FALSE,FALSE,FALSE,TRUE,FALSE,FALSE
Sacred Sword,Fighting,Physical,90,100,15,0,1,FALSE,FALSE,FALSE,TRUE,FALSE,FALSE
Salt Cure,Rock,Physical,40,100,15,0,1,FALSE,FALSE,FALSE,TRUE,FALSE,FALSE
Sand Tomb,Ground,Physical,35,85,15,0,5,FALSE,FALSE,FALSE,TRUE,FALSE,FALSE
Sandsear Storm,Ground,Special,100,80,10,0,1,FALSE,FALSE,FALSE,TRUE,FALSE,FALSE
Sappy Seed,Grass,Physical,90,100,15,0.4,1,FALSE,FALSE,FALSE,TRUE,FALSE,FALSE
Scald,Water,Special,80,100,15,0,1,FALSE,FALSE,FALSE,TRUE,FALSE,FALSE
Scale Shot,Dragon,Physical,30,90,10,0,5,FALSE,FALSE,FALSE,TRUE,FALSE,FALSE
Scorching Sands,Ground,Special,70,100,10,0,1,FALSE,FALSE,FALSE,TRUE,FALSE,FALSE
Scratch,Normal,Physical,40,100,35,0,1,FALSE,FALSE,FALSE,TRUE,FALSE,FALSE
Searing Shot,Fire,Special,100,100,5,0,1,FALSE,FALSE,FALSE,TRUE,FALSE,FALSE
Secret Power,Normal,Physical,70,100,20,0,1,FALSE,FALSE,FALSE,TRUE,FALSE,FALSE
Secret Sword,Fighting,Special,85,100,10,0,1,FALSE,FALSE,FALSE,TRUE,FALSE,FALSE
Seed Bomb,Grass,Physical,80,100,15,0,1,FALSE,FALSE,FALSE,TRUE,FALSE,FALSE
Seed Flare,Grass,Special,120,85,5,0,1,FALSE,FALSE,FALSE,TRUE,FALSE,FALSE
Seismic Toss,Fighting,Physical,95,100,20,0,1,FALSE,FALSE,FALSE,TRUE,FALSE,FALSE
Self Destruct,Normal,Physical,200,100,5,-999999,1,FALSE,FALSE,FALSE,TRUE,FALSE,FALSE
Shadow Ball,Ghost,Special,80,100,15,0,1,FALSE,FALSE,FALSE,TRUE,FALSE,FALSE
Shadow Bone,Ghost,Physical,85,100,10,0,1,FALSE,FALSE,FALSE,TRUE,FALSE,FALSE
Shadow Claw,Ghost,Physical,70,100,15,0,1,FALSE,TRUE,FALSE,TRUE,FALSE,FALSE
Shadow Force,Ghost,Physical,120,100,5,0,1,FALSE,FALSE,FALSE,TRUE,FALSE,TRUE
Shadow Punch,Ghost,Physical,60,100,20,0,1,FALSE,FALSE,FALSE,FALSE,FALSE,TRUE
Shadow Sneak,Ghost,Physical,40,100,30,0,1,TRUE,FALSE,FALSE,TRUE,FALSE,FALSE
Sheer Cold,Ice,Special,100,30,5,0,1,FALSE,FALSE,TRUE,TRUE,FALSE,FALSE
Shell Side Arm,Poison,Special,90,100,10,0,1,FALSE,FALSE,FALSE,TRUE,FALSE,FALSE
Shell Trap,Fire,Special,150,100,5,0,1,FALSE,FALSE,FALSE,TRUE,FALSE,FALSE
Shock Wave,Electric,Special,60,100,20,0,1,FALSE,FALSE,FALSE,TRUE,FALSE,FALSE
Signal Beam,Bug,Special,75,100,15,0,1,FALSE,FALSE,FALSE,TRUE,FALSE,FALSE
Silver Wind,Bug,Special,60,100,5,0,1,FALSE,FALSE,FALSE,TRUE,FALSE,FALSE
Sizzly Slide,Fire,Physical,90,100,15,0,1,FALSE,FALSE,FALSE,TRUE,FALSE,FALSE
Skitter Smack,Bug,Physical,70,90,10,0,1,FALSE,FALSE,FALSE,TRUE,FALSE,FALSE
Skull Bash,Normal,Physical,130,100,10,0,1,FALSE,FALSE,FALSE,TRUE,FALSE,TRUE
Sky Attack ,Flying,Physical,140,90,5,0,1,FALSE,TRUE,FALSE,TRUE,TRUE,TRUE
Sky Drop,Flying,Physical,75,100,10,0,1,FALSE,FALSE,FALSE,TRUE,FALSE,TRUE
Sky Uppercut,Fighting,Physical,85,90,15,0,1,FALSE,FALSE,FALSE,TRUE,FALSE,FALSE
Slam,Normal,Physical,80,75,15,0,1,FALSE,FALSE,FALSE,TRUE,FALSE,FALSE
Slash,Normal,Physical,70,100,20,0,1,FALSE,TRUE,FALSE,TRUE,FALSE,FALSE
Sludge,Poison,Special,65,100,20,0,1,FALSE,FALSE,FALSE,TRUE,FALSE,FALSE
Sludge Bomb,Poison,Special,90,100,10,0,1,FALSE,FALSE,FALSE,TRUE,FALSE,FALSE
Sludge Wave,Poison,Special,95,100,10,0,1,FALSE,FALSE,FALSE,TRUE,FALSE,FALSE
Smack Down,Rock,Physical,50,100,15,0,1,FALSE,FALSE,FALSE,TRUE,FALSE,FALSE
Smart Strike,Steel,Physical,70,100,10,0,1,FALSE,FALSE,FALSE,FALSE,FALSE,FALSE
Smelling Salts,Normal,Physical,70,100,10,0,1,FALSE,FALSE,FALSE,TRUE,FALSE,FALSE
Smog,Poison,Special,30,70,20,0,1,FALSE,FALSE,FALSE,TRUE,FALSE,FALSE
Snap Trap,Grass,Physical,35,100,15,0,5,FALSE,FALSE,FALSE,TRUE,FALSE,FALSE
Snarl,Dark,Special,55,95,15,0,1,FALSE,FALSE,FALSE,TRUE,FALSE,FALSE
Snipe Shot,Water,Special,80,100,15,0,1,FALSE,TRUE,FALSE,TRUE,FALSE,FALSE
Solar Beam,Grass,Special,120,100,10,0,1,FALSE,FALSE,FALSE,TRUE,FALSE,TRUE
Solar Blade,Grass,Physical,125,100,10,0,1,FALSE,FALSE,FALSE,TRUE,FALSE,TRUE
Sonic Boom,Normal,Special,40,90,20,0,1,FALSE,FALSE,FALSE,TRUE,FALSE,FALSE
Spacial Rend,Dragon,Special,100,95,5,0,1,FALSE,TRUE,FALSE,TRUE,FALSE,FALSE
Spark,Electric,Physical,65,100,20,0,1,FALSE,FALSE,FALSE,TRUE,FALSE,FALSE
Sparkling Aria,Water,Special,90,100,10,0,1,FALSE,FALSE,FALSE,TRUE,FALSE,FALSE
Sparkly Swirl,Fairy,Special,90,100,15,0,1,FALSE,FALSE,FALSE,TRUE,FALSE,FALSE
Spectral Theif,Ghost,Physical,90,100,10,0,1,FALSE,FALSE,FALSE,TRUE,FALSE,FALSE
Spike Cannon,Normal,Physical,20,100,15,0,5,FALSE,FALSE,FALSE,TRUE,FALSE,FALSE
Spin Out,Steel,Physical,100,100,5,0,1,FALSE,FALSE,FALSE,TRUE,FALSE,FALSE
Spirit Break,Fairy,Physical,75,100,15,0,1,FALSE,FALSE,FALSE,TRUE,FALSE,FALSE
Spirit Shackle,Ghost,Physical,80,100,10,0,1,FALSE,FALSE,FALSE,TRUE,FALSE,FALSE
Splishy Splash,Water,Special,90,100,15,0,1,FALSE,FALSE,FALSE,TRUE,FALSE,FALSE
Springtide Storm,Fairy,Special,100,80,5,0,1,FALSE,FALSE,FALSE,TRUE,FALSE,FALSE
Steam Eruption,Water,Special,110,95,5,0,1,FALSE,FALSE,FALSE,TRUE,FALSE,FALSE
Steamroller,Bug,Physical,65,100,20,0,1,FALSE,FALSE,FALSE,TRUE,TRUE,FALSE
Steel Beam,Steel,Spcial,140,95,5,-0.5,1,FALSE,FALSE,FALSE,TRUE,FALSE,FALSE
Steel Roller,Steel,Physical,110,100,5,0,1,FALSE,FALSE,FALSE,TRUE,FALSE,FALSE
Steel Wing,Steel,Physial,70,90,25,0,1,FALSE,FALSE,FALSE,TRUE,FALSE,FALSE
Stomp,Normal,Physical,65,100,20,0,1,FALSE,FALSE,FALSE,TRUE,TRUE,FALSE
Stomping Tantrum,Ground,Physical,75,100,10,0,1,FALSE,FALSE,FALSE,TRUE,FALSE,FALSE
Stone Axe,Rock,Physical,65,90,15,0,1,FALSE,TRUE,FALSE,TRUE,FALSE,FALSE
Stone Edge,Rock,Physical,100,90,5,0,1,FALSE,TRUE,FALSE,TRUE,FALSE,FALSE
Stored Power,Psychic,Special,20,100,10,0,1,FALSE,FALSE,FALSE,TRUE,FALSE,FALSE
Storm Throw,Fighting,Physical,60,100,10,0,1,FALSE,TRUE,FALSE,TRUE,FALSE,FALSE
Strange Steam,Fairy,Special,90,95,10,0,1,FALSE,FALSE,FALSE,TRUE,FALSE,FALSE
Strength,Normal,Physical,80,100,15,0,1,FALSE,FALSE,FALSE,TRUE,FALSE,FALSE
Struggle Bug,Bug,Special,50,100,20,0,1,FALSE,FALSE,FALSE,TRUE,FALSE,FALSE
Submission,Fighting,Physical,80,80,20,-0.3,1,FALSE,FALSE,FALSE,TRUE,FALSE,FALSE
Sucker Punch,Dark,Physical,70,100,5,0,1,TRUE,FALSE,FALSE,TRUE,FALSE,FALSE
Sunsteel Strike,Steel,Physical,100,100,5,0,1,FALSE,FALSE,FALSE,TRUE,FALSE,FALSE
Super Fang,Normal,Physical,150,0.9,5,0,1,FALSE,FALSE,FALSE,TRUE,FALSE,FALSE
Supercell Slam,Electric,Physical,100,0.95,15,0,1,FALSE,FALSE,FALSE,TRUE,FALSE,FALSE
Superpower,Fighting,Physical,120,100,5,0,1,FALSE,FALSE,FALSE,TRUE,FALSE,FALSE
Surf,Water,Special,90,100,15,0,1,FALSE,FALSE,FALSE,TRUE,FALSE,FALSE
Surging Strikes,Water,Physical,30,100,5,0,1,FALSE,TRUE,FALSE,TRUE,FALSE,FALSE
Swift,Normal,Special,60,100,20,0,1,FALSE,FALSE,FALSE,FALSE,FALSE,FALSE
Synchroniose,Psychic,Special,120,100,10,0,1,FALSE,FALSE,FALSE,TRUE,FALSE,FALSE
Tachyon Cutter,Steel,Special,50,100,10,0,2,FALSE,FALSE,FALSE,FALSE,FALSE,FALSE
Tackle,Normal,Physical,40,100,35,0,1,FALSE,FALSE,FALSE,TRUE,FALSE,FALSE
Tail Slap,Normal,Physical,25,85,10,0,5,FALSE,FALSE,FALSE,TRUE,FALSE,FALSE
Take Down,Normal,Physical,90,85,20,-0.1,1,FALSE,FALSE,FALSE,TRUE,FALSE,FALSE
Techno Blast,Normal,Special,120,100,5,0,1,FALSE,FALSE,FALSE,TRUE,FALSE,FALSE
Temper Flare,Fire,Physical,75,100,10,0,1,FALSE,FALSE,FALSE,TRUE,FALSE,FALSE
Tera Blast,Normal,Special,80,100,10,0,1,FALSE,FALSE,FALSE,TRUE,FALSE,FALSE
Tera Starstorm,Normal,Special,120,100,5,0,1,FALSE,FALSE,FALSE,TRUE,FALSE,FALSE
Terrain Pulse,Normal,Special,50,100,10,0,1,FALSE,FALSE,FALSE,TRUE,FALSE,FALSE
Thief,Dark,Physical,60,100,25,0,1,FALSE,FALSE,FALSE,TRUE,FALSE,FALSE
Thousand Arrows,Ground,Physical,90,100,10,0,1,FALSE,FALSE,FALSE,TRUE,FALSE,FALSE
Thousand Waves,Ground,Physical,90,100,10,0,1,FALSE,FALSE,FALSE,TRUE,FALSE,FALSE
Thrash,Normal,Physical,110,100,10,0,1,FALSE,FALSE,FALSE,TRUE,FALSE,FALSE
Throat Chop,Dark,Physical,80,100,15,0,1,FALSE,FALSE,FALSE,TRUE,FALSE,FALSE
Thunder,Electric,Special,110,70,10,0,1,FALSE,FALSE,FALSE,TRUE,FALSE,FALSE
Thunder Cage,Electric,Special,80,90,15,0,5,FALSE,FALSE,FALSE,TRUE,FALSE,FALSE
Thunder Fang,Electric,Physical,65,95,15,0,1,FALSE,FALSE,FALSE,TRUE,TRUE,FALSE
Thunder Punch,Electric,Physical,75,100,15,0,1,FALSE,FALSE,FALSE,TRUE,FALSE,FALSE
Thunder Shock,Electric,Special,40,100,30,0,1,FALSE,FALSE,FALSE,TRUE,FALSE,FALSE
Thunderbolt,Electric,Special,90,100,15,0,1,FALSE,FALSE,FALSE,TRUE,FALSE,FALSE
Thunderclap,Electric,Special,70,100,5,0,1,TRUE,FALSE,FALSE,TRUE,FALSE,FALSE
Thunderous Kick,Fighting,Physical,90,100,10,0,1,FALSE,FALSE,FALSE,TRUE,FALSE,FALSE
Torch Song,Fire,Special,80,100,10,0,1,FALSE,FALSE,FALSE,TRUE,FALSE,FALSE
Trailblaze,Grass,Physial,50,100,20,0,1,FALSE,FALSE,FALSE,TRUE,FALSE,FALSE
Tri Attack,Normal,Special,88,100,10,0,1,FALSE,FALSE,FALSE,TRUE,FALSE,FALSE
Triple Arrows,Fighting,Physical,90,100,10,0,1,FALSE,TRUE,FALSE,TRUE,FALSE,FALSE
Triple Axel,Ice,Physical,40,90,10,0,3,FALSE,FALSE,FALSE,TRUE,FALSE,FALSE
Triple Dive,Water,Physical,30,95,10,0,3,FALSE,FALSE,FALSE,TRUE,FALSE,FALSE
Triple Kick,Fighting,Physical,30,90,10,0,3,FALSE,FALSE,FALSE,TRUE,FALSE,FALSE
Trop Kick,Grass,Physical,70,100,15,0,1,FALSE,FALSE,FALSE,TRUE,FALSE,FALSE
Trump Card,Normal,Special,110,100,5,0,1,FALSE,FALSE,FALSE,TRUE,FALSE,FALSE
Twin Beam,Psychic,Special,40,100,10,0,2,FALSE,FALSE,FALSE,TRUE,FALSE,FALSE
Twinneedle,Bug,Physical,25,100,20,0,2,FALSE,FALSE,FALSE,TRUE,FALSE,FALSE
Twister,Dragon,Special,40,100,20,0,1,FALSE,FALSE,FALSE,TRUE,FALSE,FALSE
U turn,Bug,Physical,70,100,20,0,1,FALSE,FALSE,FALSE,TRUE,FALSE,FALSE
Upper Hand,Fighting,Physical,65,100,15,0,1,TRUE,FALSE,FALSE,TRUE,FALSE,FALSE
Uproar,Normal,Special,90,100,15,0,1,FALSE,FALSE,TRUE,TRUE,FALSE,FALSE
Vcreate,Fire,Physical,180,95,5,0,1,FALSE,FALSE,FALSE,TRUE,FALSE,FALSE
Vacumm Wave,Fighting,Special,40,100,30,0,1,TRUE,FALSE,FALSE,TRUE,FALSE,FALSE
Veevee Volley,Normal,Physical,100,100,20,0,1,FALSE,FALSE,FALSE,FALSE,FALSE,FALSE
Venoshock,Poison,Special,65,100,10,0,1,FALSE,FALSE,FALSE,TRUE,FALSE,FALSE
Vine Whip,Grass,Physical,45,100,25,0,1,FALSE,FALSE,FALSE,TRUE,FALSE,FALSE
Vise Grip,Normal,Physical,55,100,30,0,1,FALSE,FALSE,FALSE,TRUE,FALSE,FALSE
Vital Throw,Fighting,Physical,70,100,10,0,1,FALSE,FALSE,FALSE,FALSE,FALSE,FALSE
Volt Switch,Electric,Special,70,100,20,0,1,FALSE,FALSE,FALSE,TRUE,FALSE,FALSE
Wake Up Slap,Fighting,Physical,70,100,10,0,1,FALSE,FALSE,FALSE,TRUE,FALSE,FALSE
Water Gun,Water,Special,40,100,25,0,1,FALSE,FALSE,FALSE,TRUE,FALSE,FALSE
Water Pledge,Water,Special,80,100,10,0,1,FALSE,FALSE,FALSE,TRUE,FALSE,FALSE
Water Pulse,Water,Special,60,100,20,0,1,FALSE,FALSE,FALSE,TRUE,FALSE,FALSE
Water Shuriken,Water,Special,15,100,20,0,5,FALSE,FALSE,FALSE,TRUE,FALSE,FALSE
Water Spout,Water,Special,150,100,5,0,1,FALSE,FALSE,FALSE,TRUE,FALSE,FALSE
Waterfall,Water,Physical,80,100,15,0,1,FALSE,FALSE,FALSE,TRUE,TRUE,FALSE
Wave Crash,Water,Physical,120,100,10,-0.1,1,FALSE,FALSE,FALSE,TRUE,FALSE,FALSE
Weather Ball,Normal,Special,50,100,10,0,1,FALSE,FALSE,FALSE,TRUE,FALSE,FALSE
Whirlpool,Water,Special,35,85,15,0,5,FALSE,FALSE,FALSE,TRUE,FALSE,FALSE
Wicked Blow,Dark,Physical,75,100,5,0,1,FALSE,TRUE,FALSE,TRUE,FALSE,FALSE
Wicked Torque,Dark,Physical,80,100,10,0,1,FALSE,FALSE,FALSE,TRUE,FALSE,FALSE
Wild Charge,Electric,Physical,90,100,15,-0.1,1,FALSE,FALSE,FALSE,TRUE,FALSE,FALSE
Wildbolt Storm,Electric,Special,100,80,10,0,1,FALSE,FALSE,FALSE,TRUE,FALSE,FALSE
Wing Attack,Flying,Physical,60,100,35,0,1,FALSE,FALSE,FALSE,TRUE,FALSE,FALSE
Wood Hammer,Grass,Physical,120,100,15,-0.1,1,FALSE,FALSE,FALSE,TRUE,FALSE,FALSE
Wrap,Normal,Physical,15,90,20,0,5,FALSE,FALSE,FALSE,TRUE,FALSE,FALSE
Wring Out,Normal,Special,50,100,5,0,1,FALSE,FALSE,FALSE,TRUE,FALSE,FALSE
X Scissor,Bug,Physical,80,100,15,0,1,FALSE,FALSE,FALSE,TRUE,FALSE,FALSE
Zap Cannon,Electric,Special,120,50,5,0,1,FALSE,FALSE,FALSE,TRUE,FALSE,FALSE
Zen Headbutt,Psychic,Physical,80,90,15,0,1,FALSE,FALSE,FALSE,TRUE,TRUE,FALSE
Zing Zap,Electric,Physical,80,100,10,0,1,FALSE,FALSE,FALSE,TRUE,TRUE,FALSE
Zippy Zap,Electric,Physical,50,100,15,0,1,FALSE,TRUE,FALSE,TRUE,FALSE,FALSE